0:0:10,22,79,632
0:0:20,22,79,631
0:0:30,22,79,18
0:0:40,22,78,16
0:0:50,22,78,17
0:1:0,22,78,18
0:1:10,22,78,19
0:1:20,22,77,20
0:1:31,23,77,20
0:1:41,23,77,20
0:1:51,23,77,20
0:2:1,22,77,21
0:2:11,23,77,21
0:2:21,23,77,21
0:2:31,23,77,22
0:2:41,23,77,21
0:2:51,23,77,21
0:3:1,23,77,22
0:3:12,23,77,22
0:3:22,22,77,22
0:3:32,23,77,22
0:3:42,22,77,22
0:3:52,22,77,22
0:4:2,22,77,22
0:4:12,22,77,22
0:4:22,22,77,22
0:4:32,22,77,23
0:4:43,22,77,22
0:4:53,22,76,22
0:5:3,22,76,23
0:5:13,22,76,22
0:5:23,22,76,22
0:5:33,22,76,23
0:5:43,22,76,22
0:5:53,22,76,23
0:6:3,22,76,22
0:6:13,22,76,22
0:6:23,22,76,23
0:6:34,22,76,23
0:6:44,22,77,23
0:6:54,22,77,23
0:7:4,22,76,23
0:7:14,22,76,23
0:7:24,22,76,23
0:7:34,22,76,23
0:7:44,22,76,23
0:7:54,22,76,22
0:8:5,22,76,23
0:8:15,22,76,23
0:8:25,22,76,23
0:8:35,22,77,23
0:8:45,22,77,23
0:8:55,22,76,23
0:9:5,22,77,23
0:9:15,22,77,24
0:9:25,22,76,23
0:9:35,22,76,25
0:9:46,22,76,24
0:9:56,22,76,23
0:10:6,22,77,24
0:10:16,22,77,24
0:10:26,22,77,23
0:10:36,22,77,24
0:10:46,22,76,22
0:10:56,22,76,24
0:11:6,22,76,23
0:11:16,22,76,23
0:11:26,22,76,24
0:11:36,22,76,23
0:11:47,22,76,24
0:11:57,22,76,23
0:12:7,22,76,24
0:12:17,22,76,23
0:12:27,22,76,23
0:12:37,22,76,24
0:12:47,22,76,24
0:12:57,22,76,24
0:13:7,22,76,24
0:13:17,22,76,23
0:13:27,22,76,24
0:13:37,22,76,23
0:13:47,22,76,24
0:13:57,22,76,24
0:14:8,22,76,24
0:14:18,22,76,24
0:14:28,22,75,24
0:14:38,22,76,24
0:14:48,22,76,24
0:14:58,22,76,25
0:15:8,22,75,24
0:15:18,22,76,24
0:15:28,22,75,23
0:15:38,22,75,24
0:15:48,22,75,24
0:15:59,22,75,24
0:16:9,22,76,24
0:16:19,22,75,24
0:16:29,22,75,24
0:16:39,22,75,24
0:16:49,22,75,24
0:16:59,22,75,23
0:17:9,22,75,24
0:17:19,22,75,24
0:17:29,22,75,24
0:17:39,22,75,24
0:17:50,22,75,24
0:18:0,22,75,23
0:18:10,22,75,23
0:18:20,22,75,24
0:18:30,22,75,24
0:18:40,22,75,24
0:18:50,22,75,23
0:19:0,22,75,24
0:19:10,22,75,24
0:19:20,22,75,23
0:19:31,22,75,23
0:19:41,22,75,24
0:19:51,22,75,24
0:20:1,22,75,24
0:20:11,22,75,24
0:20:21,22,75,24
0:20:31,22,75,24
0:20:41,22,75,24
0:20:51,22,74,23
0:21:1,22,74,23
0:21:11,22,74,24
0:21:21,22,74,24
0:21:31,22,74,24
0:21:42,22,74,23
0:21:52,22,74,24
0:22:2,22,74,23
0:22:12,22,74,23
0:22:22,22,74,24
0:22:32,22,74,23
0:22:42,22,74,25
0:22:52,22,74,24
0:23:2,22,74,24
0:23:12,22,74,24
0:23:22,22,74,23
0:23:33,22,74,23
0:23:43,22,74,24
0:23:53,22,74,23
0:24:3,22,74,24
0:24:13,22,74,24
0:24:23,22,74,24
0:24:33,22,73,23
0:24:43,22,73,24
0:24:53,22,73,24
0:25:3,22,73,23
0:25:13,22,73,23
0:25:23,22,73,24
0:25:33,22,73,23
0:25:44,22,73,23
0:25:54,22,73,24
0:26:4,22,73,24
0:26:14,22,72,24
0:26:24,22,72,24
0:26:34,22,72,24
0:26:44,22,72,24
0:26:54,22,72,23
0:27:4,22,72,24
0:27:14,22,72,23
0:27:24,22,72,23
0:27:34,22,72,24
0:27:44,22,72,23
0:27:54,22,72,23
0:28:5,22,72,23
0:28:15,22,72,24
0:28:25,22,72,24
0:28:35,22,72,23
0:28:45,22,72,23
0:28:55,22,72,24
0:29:5,22,72,23
0:29:15,22,72,24
0:29:25,22,71,23
0:29:35,22,71,23
0:29:45,22,71,24
0:29:55,22,71,24
0:30:5,22,71,23
0:30:15,22,72,24
0:30:26,22,72,24
0:30:36,22,71,23
0:30:46,22,71,24
0:30:56,22,71,23
0:31:6,22,71,24
0:31:16,22,71,23
0:31:26,22,71,24
0:31:36,22,71,24
0:31:46,22,71,24
0:31:56,22,71,23
0:32:6,22,71,24
0:32:16,22,71,24
0:32:26,22,71,24
0:32:36,22,71,24
0:32:47,22,71,24
0:32:57,22,71,23
0:33:7,22,71,24
0:33:17,22,71,24
0:33:27,22,71,23
0:33:37,22,71,23
0:33:47,22,71,24
0:33:57,22,71,23
0:34:7,22,71,24
0:34:17,22,71,23
0:34:27,22,71,24
0:34:37,22,71,23
0:34:48,22,71,24
0:34:58,22,71,24
0:35:8,22,71,23
0:35:18,22,71,24
0:35:28,22,71,23
0:35:38,22,71,24
0:35:48,22,71,24
0:35:58,22,71,24
0:36:8,22,71,24
0:36:18,22,71,24
0:36:28,22,70,24
0:36:39,22,70,24
0:36:49,22,71,24
0:36:59,22,70,24
0:37:9,22,70,24
0:37:19,22,70,24
0:37:29,22,70,24
0:37:39,22,70,24
0:37:49,22,70,24
0:37:59,22,70,24
0:38:9,22,70,24
0:38:19,22,70,24
0:38:30,22,70,24
0:38:40,22,70,24
0:38:50,22,70,24
0:39:0,22,70,23
0:39:10,22,70,24
0:39:20,22,70,23
0:39:30,22,70,24
0:39:40,22,70,24
0:39:50,22,70,24
0:40:0,22,70,24
0:40:11,22,70,23
0:40:21,22,70,24
0:40:31,22,70,24
0:40:41,22,70,23
0:40:51,22,70,24
0:41:1,22,70,24
0:41:11,22,70,24
0:41:21,22,70,24
0:41:31,22,70,23
0:41:41,22,69,24
0:41:51,22,70,23
0:42:2,22,70,24
0:42:12,22,70,23
0:42:22,22,70,24
0:42:32,22,70,24
0:42:42,22,69,23
0:42:52,22,69,23
0:43:2,22,69,24
0:43:12,22,69,24
0:43:22,22,69,24
0:43:32,22,69,24
0:43:42,22,69,24
0:43:52,22,69,24
0:44:3,22,69,24
0:44:13,22,69,24
0:44:23,22,69,23
0:44:33,22,69,24
0:44:43,22,69,24
0:44:53,22,69,24
0:45:3,22,69,24
0:45:13,22,69,23
0:45:23,22,69,24
0:45:33,22,69,24
0:45:43,22,69,24
0:45:53,22,69,24
0:46:3,22,69,23
0:46:13,22,69,24
0:46:23,22,69,23
0:46:34,22,69,24
0:46:44,22,69,24
0:46:54,22,69,23
0:47:4,22,69,24
0:47:14,22,69,24
0:47:24,22,69,23
0:47:34,22,69,24
0:47:44,22,69,24
0:47:54,22,69,24
0:48:4,22,69,24
0:48:14,22,69,24
0:48:24,22,69,24
0:48:34,22,69,24
0:48:45,22,69,24
0:48:55,22,69,23
0:49:5,22,69,24
0:49:15,22,69,24
0:49:25,22,69,23
0:49:35,22,69,23
0:49:45,22,69,24
0:49:55,22,69,24
0:50:5,22,69,24
0:50:15,22,69,23
0:50:25,22,69,22
0:50:35,22,69,23
0:50:45,22,69,24
0:50:56,22,69,24
0:51:6,22,69,23
0:51:16,22,69,24
0:51:26,22,69,23
0:51:36,22,69,23
0:51:46,22,69,24
0:51:56,22,69,23
0:52:6,22,69,23
0:52:16,22,69,23
0:52:26,22,69,24
0:52:36,22,69,24
0:52:46,22,69,24
0:52:56,22,69,23
0:53:6,22,69,23
0:53:16,22,69,24
0:53:27,22,69,24
0:53:37,22,69,24
0:53:47,22,69,24
0:53:57,22,69,23
0:54:7,22,68,23
0:54:17,22,68,24
0:54:27,22,68,24
0:54:37,22,68,24
0:54:47,22,68,24
0:54:57,22,68,24
0:55:7,22,68,24
0:55:17,22,68,23
0:55:27,22,68,24
0:55:38,22,68,23
0:55:48,22,68,24
0:55:58,22,68,23
0:56:8,22,68,24
0:56:18,22,68,24
0:56:28,22,68,24
0:56:38,22,68,24
0:56:48,22,68,24
0:56:58,22,68,24
0:57:8,22,68,24
0:57:18,22,68,24
0:57:28,22,68,24
0:57:38,22,68,24
0:57:48,22,68,24
0:57:59,22,68,24
0:58:9,22,68,24
0:58:19,22,68,24
0:58:29,22,68,25
0:58:39,22,68,24
0:58:49,22,68,24
0:58:59,22,68,24
0:59:9,22,68,24
0:59:19,22,68,24
0:59:29,22,68,24
0:59:40,22,68,24
0:59:50,22,68,23
1:0:0,22,68,23
1:0:10,22,68,24
1:0:20,22,68,24
1:0:30,22,68,24
1:0:40,22,68,24
1:0:50,22,68,24
1:1:0,22,68,24
1:1:10,22,68,24
1:1:20,22,68,24
1:1:31,22,68,24
1:1:41,22,68,24
1:1:51,22,68,24
1:2:1,22,68,24
1:2:11,22,68,24
1:2:21,22,68,24
1:2:31,22,68,24
1:2:41,22,68,23
1:2:51,22,68,24
1:3:2,22,68,24
1:3:12,22,68,24
1:3:22,22,68,24
1:3:32,22,68,23
1:3:42,22,68,24
1:3:52,22,68,24
1:4:2,22,68,24
1:4:12,22,68,25
1:4:22,22,68,24
1:4:32,22,67,24
1:4:43,22,67,24
1:4:53,22,67,24
1:5:3,22,67,24
1:5:13,22,67,24
1:5:23,22,67,23
1:5:33,22,68,24
1:5:43,22,67,24
1:5:53,22,67,23
1:6:3,22,67,25
1:6:13,22,67,24
1:6:24,22,67,24
1:6:34,22,67,24
1:6:44,22,67,24
1:6:54,22,67,23
1:7:4,22,67,24
1:7:14,22,67,25
1:7:24,22,67,24
1:7:34,22,67,24
1:7:44,22,67,23
1:7:54,22,67,24
1:8:4,22,67,24
1:8:15,22,67,24
1:8:25,22,67,24
1:8:35,22,67,24
1:8:45,22,67,25
1:8:55,22,67,24
1:9:5,22,67,24
1:9:15,22,67,24
1:9:25,22,67,24
1:9:35,22,67,24
1:9:45,22,67,24
1:9:56,22,67,24
1:10:6,22,67,24
1:10:16,22,67,24
1:10:26,22,67,24
1:10:36,22,67,24
1:10:46,22,67,24
1:10:56,22,67,24
1:11:6,22,67,23
1:11:16,22,67,24
1:11:26,22,67,24
1:11:36,22,67,24
1:11:46,22,67,24
1:11:57,22,67,23
1:12:7,22,67,23
1:12:17,22,67,24
1:12:27,22,67,23
1:12:37,22,67,24
1:12:47,22,67,24
1:12:57,22,67,24
1:13:7,22,67,24
1:13:17,22,67,24
1:13:27,22,67,24
1:13:37,22,67,24
1:13:47,22,67,24
1:13:57,22,67,24
1:14:7,22,67,24
1:14:17,22,67,24
1:14:28,22,67,24
1:14:38,22,67,23
1:14:48,22,67,24
1:14:58,22,67,24
1:15:8,22,67,25
1:15:18,22,67,24
1:15:28,22,67,24
1:15:38,22,67,24
1:15:48,22,67,24
1:15:58,22,67,24
1:16:9,22,67,24
1:16:19,22,67,24
1:16:29,22,67,24
1:16:39,22,67,24
1:16:49,22,67,24
1:16:59,22,67,24
1:17:9,22,67,24
1:17:19,22,67,24
1:17:29,22,67,24
1:17:39,22,67,25
1:17:49,22,67,24
1:18:0,22,67,24
1:18:10,22,67,24
1:18:20,22,67,25
1:18:30,22,67,24
1:18:40,22,67,24
1:18:50,22,67,25
1:19:0,22,67,24
1:19:10,22,67,25
1:19:20,22,67,24
1:19:30,22,67,25
1:19:41,22,67,24
1:19:51,22,67,24
1:20:1,22,66,24
1:20:11,22,67,24
1:20:21,22,67,24
1:20:31,22,67,24
1:20:41,22,67,24
1:20:51,22,67,24
1:21:1,22,67,24
1:21:11,22,67,24
1:21:21,22,66,24
1:21:31,22,66,24
1:21:42,22,67,24
1:21:52,22,67,24
1:22:2,22,67,24
1:22:12,22,67,24
1:22:22,22,66,24
1:22:32,22,67,24
1:22:42,22,67,24
1:22:52,22,66,24
1:23:2,22,66,24
1:23:12,22,66,25
1:23:22,22,66,24
1:23:32,22,66,24
1:23:43,22,66,25
1:23:53,22,66,25
1:24:3,22,66,24
1:24:13,22,66,25
1:24:23,22,66,24
1:24:33,22,66,24
1:24:43,22,66,25
1:24:53,22,66,25
1:25:3,22,66,25
1:25:13,22,66,24
1:25:23,22,66,25
1:25:33,22,66,24
1:25:43,22,66,24
1:25:54,22,66,24
1:26:4,22,66,24
1:26:14,22,67,24
1:26:24,22,66,24
1:26:34,22,66,24
1:26:44,22,66,24
1:26:54,22,66,24
1:27:4,22,66,24
1:27:14,22,66,24
1:27:24,22,66,24
1:27:34,22,66,24
1:27:44,22,66,24
1:27:54,22,66,24
1:28:4,22,66,25
1:28:14,22,66,24
1:28:25,22,66,24
1:28:35,22,66,24
1:28:45,22,66,24
1:28:55,22,66,24
1:29:5,22,66,24
1:29:15,22,66,24
1:29:25,22,66,24
1:29:35,22,66,24
1:29:45,22,66,25
1:29:55,22,66,24
1:30:5,22,66,24
1:30:15,22,66,24
1:30:25,22,66,24
1:30:36,22,66,25
1:30:46,22,66,24
1:30:56,22,66,24
1:31:6,22,66,25
1:31:16,22,66,24
1:31:26,22,66,25
1:31:36,22,66,24
1:31:46,22,66,24
1:31:56,22,66,24
1:32:6,22,66,24
1:32:16,22,66,25
1:32:26,22,66,24
1:32:36,22,66,25
1:32:47,22,66,25
1:32:57,22,66,24
1:33:7,22,66,24
1:33:17,22,66,24
1:33:27,22,66,24
1:33:37,22,66,24
1:33:47,22,66,24
1:33:57,22,66,24
1:34:7,22,66,24
1:34:17,22,66,24
1:34:27,22,66,24
1:34:38,22,66,24
1:34:48,22,66,25
1:34:58,22,66,24
1:35:8,22,66,25
1:35:18,22,66,24
1:35:28,22,66,24
1:35:38,22,66,25
1:35:48,22,66,24
1:35:58,22,66,24
1:36:8,22,66,24
1:36:18,22,66,25
1:36:28,22,66,24
1:36:39,22,66,25
1:36:49,22,66,24
1:36:59,22,66,24
1:37:9,22,66,24
1:37:19,22,66,24
1:37:29,22,66,24
1:37:39,22,66,24
1:37:49,22,66,24
1:37:59,22,66,24
1:38:9,22,66,24
1:38:20,22,66,24
1:38:30,22,66,24
1:38:40,22,66,24
1:38:50,22,66,24
1:39:0,22,66,24
1:39:10,22,66,24
1:39:20,22,66,25
1:39:30,22,66,25
1:39:40,22,66,24
1:39:50,22,66,24
1:40:0,22,66,24
1:40:11,22,66,24
1:40:21,22,66,24
1:40:31,22,66,24
1:40:41,22,66,25
1:40:51,22,66,24
1:41:1,22,66,24
1:41:11,22,66,25
1:41:21,22,66,24
1:41:31,22,66,25
1:41:41,22,66,24
1:41:52,22,66,25
1:42:2,22,66,24
1:42:12,22,66,24
1:42:22,22,66,24
1:42:32,22,66,24
1:42:42,22,66,24
1:42:52,22,66,24
1:43:2,22,66,25
1:43:12,22,66,25
1:43:22,22,66,24
1:43:32,22,66,24
1:43:42,22,66,24
1:43:52,22,66,24
1:44:2,22,66,25
1:44:12,22,66,24
1:44:23,22,66,24
1:44:33,22,66,24
1:44:43,22,66,24
1:44:53,22,66,24
1:45:3,22,66,24
1:45:13,22,66,24
1:45:23,22,66,25
1:45:33,22,66,25
1:45:43,22,66,24
1:45:53,22,66,24
1:46:3,22,66,25
1:46:13,22,66,25
1:46:23,22,66,25
1:46:34,22,66,24
1:46:44,22,66,24
1:46:54,22,66,24
1:47:4,22,66,25
1:47:14,22,66,24
1:47:24,22,66,24
1:47:34,22,66,24
1:47:44,22,66,25
1:47:54,22,65,25
1:48:4,22,65,24
1:48:14,22,65,24
1:48:24,22,65,25
1:48:34,22,65,24
1:48:44,22,65,24
1:48:55,22,65,24
1:49:5,22,65,24
1:49:15,22,65,25
1:49:25,22,65,24
1:49:35,22,65,24
1:49:45,22,65,25
1:49:55,22,65,25
1:50:5,22,65,24
1:50:15,22,65,23
1:50:25,22,65,24
1:50:35,22,65,24
1:50:45,22,65,25
1:50:55,22,65,25
1:51:5,22,65,25
1:51:15,22,65,25
1:51:26,22,65,24
1:51:36,22,65,25
1:51:46,22,65,25
1:51:56,22,65,24
1:52:6,22,65,25
1:52:16,22,65,25
1:52:26,22,65,24
1:52:36,22,65,24
1:52:46,22,65,25
1:52:56,22,65,25
1:53:6,22,65,25
1:53:16,22,65,24
1:53:26,22,65,24
1:53:37,22,65,24
1:53:47,22,65,25
1:53:57,22,65,24
1:54:7,22,65,24
1:54:17,22,65,25
1:54:27,22,65,24
1:54:37,22,65,25
1:54:47,22,65,24
1:54:57,22,65,25
1:55:7,22,65,25
1:55:17,22,65,24
1:55:27,22,65,25
1:55:37,22,65,24
1:55:48,22,65,24
1:55:58,22,65,24
1:56:8,22,65,24
1:56:18,22,65,24
1:56:28,22,65,24
1:56:38,22,65,24
1:56:48,22,65,24
1:56:58,22,65,24
1:57:8,22,65,25
1:57:18,22,65,24
1:57:28,22,65,24
1:57:38,22,65,24
1:57:48,22,65,24
1:57:59,22,65,25
1:58:9,22,65,24
1:58:19,22,65,25
1:58:29,22,65,24
1:58:39,22,65,24
1:58:49,22,65,25
1:58:59,22,65,25
1:59:9,22,65,24
1:59:19,22,65,25
1:59:29,22,65,24
1:59:39,22,65,24
1:59:50,22,65,25
2:0:0,22,65,24
2:0:10,22,65,24
2:0:20,22,65,24
2:0:30,22,65,24
2:0:40,22,65,25
2:0:50,22,65,25
2:1:0,22,65,25
2:1:10,22,65,25
2:1:20,22,65,24
2:1:31,22,65,25
2:1:41,22,65,24
2:1:51,22,65,24
2:2:1,22,65,24
2:2:11,22,65,25
2:2:21,22,65,24
2:2:31,22,65,25
2:2:41,22,65,24
2:2:51,22,65,24
2:3:1,22,65,25
2:3:12,22,65,24
2:3:22,22,65,25
2:3:32,22,65,25
2:3:42,22,65,25
2:3:52,22,65,24
2:4:2,22,65,25
2:4:12,22,65,24
2:4:22,22,65,25
2:4:32,22,65,24
2:4:42,22,65,25
2:4:53,22,65,25
2:5:3,22,65,25
2:5:13,22,65,24
2:5:23,22,65,25
2:5:33,22,65,24
2:5:43,22,65,25
2:5:53,22,65,25
2:6:3,22,65,25
2:6:13,22,65,25
2:6:23,22,65,24
2:6:34,22,65,25
2:6:44,22,65,24
2:6:54,22,65,25
2:7:4,22,65,25
2:7:14,22,65,24
2:7:24,22,65,25
2:7:34,22,65,24
2:7:44,22,65,25
2:7:54,22,65,24
2:8:4,22,65,24
2:8:15,22,65,24
2:8:25,22,65,24
2:8:35,22,65,25
2:8:45,22,65,24
2:8:55,22,65,25
2:9:5,22,65,25
2:9:15,22,65,25
2:9:25,22,65,25
2:9:35,22,65,25
2:9:46,22,65,24
2:9:56,22,65,25
2:10:6,22,65,25
2:10:16,22,65,25
2:10:26,22,65,24
2:10:36,22,65,25
2:10:46,22,65,25
2:10:56,22,65,24
2:11:6,22,65,25
2:11:16,22,65,25
2:11:26,22,65,25
2:11:36,22,65,25
2:11:46,22,65,25
2:11:57,22,65,25
2:12:7,22,65,25
2:12:17,22,65,25
2:12:27,22,65,25
2:12:37,22,65,25
2:12:47,22,65,25
2:12:57,22,65,25
2:13:7,22,65,25
2:13:17,22,65,25
2:13:27,22,65,25
2:13:37,22,65,25
2:13:47,22,65,25
2:13:57,22,65,25
2:14:8,22,65,24
2:14:18,22,65,24
2:14:28,22,65,24
2:14:38,22,65,25
2:14:48,22,65,25
2:14:58,22,65,24
2:15:8,22,65,24
2:15:18,22,65,25
2:15:28,22,65,25
2:15:38,22,65,25
2:15:49,22,65,24
2:15:59,22,65,24
2:16:9,22,65,25
2:16:19,22,65,25
2:16:29,22,65,25
2:16:39,22,65,25
2:16:49,22,65,25
2:16:59,22,65,25
2:17:9,22,65,25
2:17:19,22,65,25
2:17:30,22,65,24
2:17:40,22,65,25
2:17:50,22,65,25
2:18:0,22,65,25
2:18:10,22,65,25
2:18:20,22,65,25
2:18:30,22,65,24
2:18:40,22,65,24
2:18:50,22,65,24
2:19:0,22,65,24
2:19:10,22,65,24
2:19:21,22,65,25
2:19:31,22,65,25
2:19:41,22,65,25
2:19:51,22,65,25
2:20:1,22,65,24
2:20:11,22,65,25
2:20:21,22,65,25
2:20:31,22,64,25
2:20:41,22,65,25
2:20:51,22,64,24
2:21:1,22,64,25
2:21:12,22,65,24
2:21:22,22,65,24
2:21:32,22,64,25
2:21:42,22,65,25
2:21:52,22,64,24
2:22:2,22,64,25
2:22:12,22,64,25
2:22:22,22,65,25
2:22:32,22,65,25
2:22:42,22,65,24
2:22:52,22,65,25
2:23:2,22,65,24
2:23:12,22,65,24
2:23:23,22,65,25
2:23:33,22,64,25
2:23:43,22,64,24
2:23:53,22,64,24
2:24:3,22,64,24
2:24:13,22,64,25
2:24:23,22,64,25
2:24:33,22,65,25
2:24:43,22,64,25
2:24:53,22,65,24
2:25:3,22,64,25
2:25:13,22,65,24
2:25:23,22,64,24
2:25:34,22,64,25
2:25:44,22,65,25
2:25:54,22,65,25
2:26:4,22,64,25
2:26:14,22,64,25
2:26:24,22,64,25
2:26:34,22,65,25
2:26:44,22,65,24
2:26:54,22,64,25
2:27:4,22,64,25
2:27:14,22,65,24
2:27:24,22,64,24
2:27:34,22,65,25
2:27:45,22,64,25
2:27:55,22,65,25
2:28:5,22,65,25
2:28:15,22,64,25
2:28:25,22,65,25
2:28:35,22,65,25
2:28:45,22,64,25
2:28:55,22,64,25
2:29:5,22,64,24
2:29:15,22,64,25
2:29:25,22,65,26
2:29:35,22,65,24
2:29:45,22,64,25
2:29:55,22,65,25
2:30:6,22,65,25
2:30:16,22,65,24
2:30:26,22,64,24
2:30:36,22,65,26
2:30:46,22,64,25
2:30:56,22,64,25
2:31:6,22,64,25
2:31:16,22,65,25
2:31:26,22,64,25
2:31:36,22,64,25
2:31:46,22,64,25
2:31:56,22,64,24
2:32:6,22,64,25
2:32:16,22,64,25
2:32:27,22,64,25
2:32:37,22,64,25
2:32:47,22,64,24
2:32:57,22,64,25
2:33:7,22,64,25
2:33:17,22,64,24
2:33:27,22,64,25
2:33:37,22,64,25
2:33:47,22,64,25
2:33:57,22,64,25
2:34:8,22,64,25
2:34:18,22,64,25
2:34:28,22,64,25
2:34:38,22,64,25
2:34:48,22,64,24
2:34:58,22,64,25
2:35:8,22,64,25
2:35:18,22,64,24
2:35:28,22,64,25
2:35:38,22,64,25
2:35:48,22,64,24
2:35:58,22,64,25
2:36:8,22,64,25
2:36:18,22,64,24
2:36:29,22,64,25
2:36:39,22,64,24
2:36:49,22,64,25
2:36:59,22,64,25
2:37:9,22,64,25
2:37:19,22,64,25
2:37:29,22,64,25
2:37:39,22,64,25
2:37:49,22,64,25
2:37:59,22,64,25
2:38:10,22,64,24
2:38:20,22,64,25
2:38:30,22,64,25
2:38:40,22,64,25
2:38:50,22,64,25
2:39:0,22,64,25
2:39:10,22,64,25
2:39:20,22,64,24
2:39:30,22,64,25
2:39:40,22,64,24
2:39:50,22,64,25
2:40:1,22,64,24
2:40:11,22,64,25
2:40:21,22,64,25
2:40:31,22,64,25
2:40:41,22,64,24
2:40:51,22,64,25
2:41:1,22,64,25
2:41:11,22,64,25
2:41:21,22,64,25
2:41:31,22,64,25
2:41:41,22,64,26
2:41:51,22,64,25
2:42:2,22,64,25
2:42:12,22,64,25
2:42:22,22,64,25
2:42:32,22,64,26
2:42:42,22,64,25
2:42:52,22,64,25
2:43:2,22,64,25
2:43:12,22,64,25
2:43:22,22,64,24
2:43:32,22,64,25
2:43:42,22,64,25
2:43:52,22,64,25
2:44:2,22,64,25
2:44:12,22,64,25
2:44:22,22,64,26
2:44:33,22,64,25
2:44:43,22,64,25
2:44:53,22,64,25
2:45:3,22,64,25
2:45:13,22,64,25
2:45:23,22,64,25
2:45:33,22,64,26
2:45:43,22,64,25
2:45:53,22,64,25
2:46:3,22,64,25
2:46:13,22,64,25
2:46:23,22,64,24
2:46:33,22,64,25
2:46:44,22,64,25
2:46:54,22,64,25
2:47:4,22,64,25
2:47:14,22,64,25
2:47:24,22,64,25
2:47:34,22,64,25
2:47:44,22,64,24
2:47:54,22,64,24
2:48:4,22,64,25
2:48:14,22,64,25
2:48:24,22,64,25
2:48:34,22,64,25
2:48:44,22,64,25
2:48:55,22,64,25
2:49:5,22,64,25
2:49:15,22,64,25
2:49:25,22,64,25
2:49:35,22,64,25
2:49:45,22,64,24
2:49:55,22,64,25
2:50:5,22,64,25
2:50:15,22,64,25
2:50:25,22,64,25
2:50:35,22,64,25
2:50:45,22,64,25
2:50:55,22,64,25
2:51:5,22,64,25
2:51:15,22,64,25
2:51:26,22,64,24
2:51:36,22,64,25
2:51:46,22,64,25
2:51:56,22,64,25
2:52:6,22,64,25
2:52:16,22,64,25
2:52:26,22,64,25
2:52:36,22,64,25
2:52:46,22,64,25
2:52:56,22,64,25
2:53:6,22,64,25
2:53:16,22,64,25
2:53:26,22,64,25
2:53:37,22,64,24
2:53:47,22,64,24
2:53:57,22,64,25
2:54:7,22,64,25
2:54:17,22,64,25
2:54:27,22,64,25
2:54:37,22,64,25
2:54:47,22,64,25
2:54:57,22,64,25
2:55:7,22,64,25
2:55:17,22,64,25
2:55:27,22,64,25
2:55:37,22,64,25
2:55:47,22,64,25
2:55:58,22,64,25
2:56:8,22,64,24
2:56:18,22,64,25
2:56:28,22,64,25
2:56:38,22,64,25
2:56:48,22,64,24
2:56:58,22,64,26
2:57:8,22,64,25
2:57:18,22,64,25
2:57:28,22,64,25
2:57:38,22,64,25
2:57:48,22,64,25
2:57:59,22,64,25
2:58:9,22,64,25
2:58:19,22,64,25
2:58:29,22,64,25
2:58:39,22,64,25
2:58:49,22,64,25
2:58:59,22,64,25
2:59:9,22,64,25
2:59:19,22,64,25
2:59:29,22,64,25
2:59:40,22,64,25
2:59:50,22,64,25
3:0:0,22,64,25
3:0:10,22,64,24
3:0:20,22,64,25
3:0:30,22,64,25
3:0:40,22,64,25
3:0:50,22,64,25
3:1:0,22,64,25
3:1:10,22,64,25
3:1:20,22,64,25
3:1:30,22,64,26
3:1:41,22,64,25
3:1:51,22,64,25
3:2:1,22,64,25
3:2:11,22,64,25
3:2:21,22,64,24
3:2:31,22,64,25
3:2:41,22,64,25
3:2:51,22,64,25
3:3:1,22,64,25
3:3:11,22,64,25
3:3:22,22,64,25
3:3:32,22,64,24
3:3:42,22,64,25
3:3:52,22,64,25
3:4:2,22,64,25
3:4:12,22,64,25
3:4:22,22,64,25
3:4:32,22,64,25
3:4:42,22,64,25
3:4:53,22,64,24
3:5:3,22,64,25
3:5:13,22,64,25
3:5:23,22,64,25
3:5:33,22,64,25
3:5:43,22,64,25
3:5:53,22,64,25
3:6:3,22,64,25
3:6:13,22,64,25
3:6:23,22,64,25
3:6:34,22,64,25
3:6:44,22,64,25
3:6:54,22,64,25
3:7:4,22,64,25
3:7:14,22,64,25
3:7:24,22,64,25
3:7:34,22,64,25
3:7:44,22,64,25
3:7:54,22,64,25
3:8:4,22,64,25
3:8:15,22,64,25
3:8:25,22,64,25
3:8:35,22,64,25
3:8:45,22,64,25
3:8:55,22,64,25
3:9:5,22,64,25
3:9:15,22,64,25
3:9:25,22,64,25
3:9:35,22,64,25
3:9:45,22,64,25
3:9:56,22,64,25
3:10:6,22,64,25
3:10:16,22,64,25
3:10:26,22,64,25
3:10:36,22,64,26
3:10:46,22,64,24
3:10:56,22,64,25
3:11:6,22,64,25
3:11:16,22,64,25
3:11:26,22,64,26
3:11:36,22,64,24
3:11:46,22,64,26
3:11:57,22,63,25
3:12:7,22,63,25
3:12:17,22,64,25
3:12:27,22,64,25
3:12:37,22,63,25
3:12:47,22,63,25
3:12:57,22,64,25
3:13:7,22,64,25
3:13:17,22,64,25
3:13:27,22,64,25
3:13:37,22,63,25
3:13:47,22,64,25
3:13:58,22,64,25
3:14:8,22,64,25
3:14:18,22,64,25
3:14:28,22,64,25
3:14:38,22,64,25
3:14:48,22,64,25
3:14:58,22,64,25
3:15:8,22,64,25
3:15:18,22,64,25
3:15:28,22,64,26
3:15:38,22,64,25
3:15:48,22,64,25
3:15:59,22,64,25
3:16:9,22,64,25
3:16:19,22,64,25
3:16:29,22,64,25
3:16:39,22,64,26
3:16:49,22,64,25
3:16:59,22,64,25
3:17:9,22,64,25
3:17:19,22,64,25
3:17:29,22,64,25
3:17:40,22,64,25
3:17:50,22,64,25
3:18:0,22,64,25
3:18:10,22,64,25
3:18:20,22,64,25
3:18:30,22,64,26
3:18:40,22,64,25
3:18:50,22,64,25
3:19:0,22,64,25
3:19:10,22,64,25
3:19:20,22,64,26
3:19:30,22,64,25
3:19:41,22,64,25
3:19:51,22,64,25
3:20:1,22,64,25
3:20:11,22,64,25
3:20:21,22,64,25
3:20:31,22,63,25
3:20:41,22,63,25
3:20:51,22,63,25
3:21:1,22,64,25
3:21:11,22,63,25
3:21:22,22,64,25
3:21:32,22,64,25
3:21:42,22,64,25
3:21:52,22,64,25
3:22:2,22,64,25
3:22:12,22,64,25
3:22:22,22,64,25
3:22:32,22,64,25
3:22:42,22,64,25
3:22:52,22,63,25
3:23:2,22,64,25
3:23:12,22,63,25
3:23:22,22,63,25
3:23:33,22,63,25
3:23:43,22,63,25
3:23:53,22,63,25
3:24:3,22,63,25
3:24:13,22,64,25
3:24:23,22,63,25
3:24:33,22,63,25
3:24:43,22,64,25
3:24:53,22,63,25
3:25:3,22,63,25
3:25:13,22,64,25
3:25:23,22,64,25
3:25:33,22,64,25
3:25:43,22,64,25
3:25:54,22,64,25
3:26:4,22,63,25
3:26:14,22,63,25
3:26:24,22,63,25
3:26:34,22,63,25
3:26:44,22,63,25
3:26:54,22,63,25
3:27:4,22,63,25
3:27:14,22,64,25
3:27:24,22,63,25
3:27:34,22,63,25
3:27:44,22,63,25
3:27:54,22,63,25
3:28:4,22,63,25
3:28:14,22,64,25
3:28:25,22,63,25
3:28:35,22,63,25
3:28:45,22,63,25
3:28:55,22,63,25
3:29:5,22,63,25
3:29:15,22,64,25
3:29:25,22,64,25
3:29:35,22,63,25
3:29:45,22,64,25
3:29:55,22,63,25
3:30:5,22,63,25
3:30:15,22,63,25
3:30:25,22,63,25
3:30:36,22,63,25
3:30:46,22,63,25
3:30:56,22,63,25
3:31:6,22,63,25
3:31:16,22,63,25
3:31:26,22,63,25
3:31:36,22,64,25
3:31:46,22,64,25
3:31:56,22,64,25
3:32:6,22,64,25
3:32:16,22,64,25
3:32:26,22,63,24
3:32:36,22,63,25
3:32:47,22,63,25
3:32:57,22,63,25
3:33:7,22,63,25
3:33:17,22,63,25
3:33:27,22,63,25
3:33:37,22,63,26
3:33:47,22,63,25
3:33:57,22,63,25
3:34:7,22,63,25
3:34:17,22,63,25
3:34:27,22,63,25
3:34:37,22,63,25
3:34:47,22,63,25
3:34:57,22,63,25
3:35:7,22,63,25
3:35:18,22,63,25
3:35:28,22,63,26
3:35:38,22,63,25
3:35:48,22,63,25
3:35:58,22,63,25
3:36:8,22,63,25
3:36:18,22,63,26
3:36:28,22,63,25
3:36:38,22,63,25
3:36:48,22,63,25
3:36:58,22,63,25
3:37:9,22,63,25
3:37:19,22,63,25
3:37:29,22,63,25
3:37:39,22,63,25
3:37:49,22,63,25
3:37:59,22,63,25
3:38:9,22,63,25
3:38:19,21,62,25
3:38:29,21,62,25
3:38:39,22,63,25
3:38:49,22,63,25
3:38:59,22,63,25
3:39:10,22,63,26
3:39:20,21,62,25
3:39:30,22,63,25
3:39:40,22,63,25
3:39:50,21,62,26
3:40:0,22,63,25
3:40:10,21,62,25
3:40:20,22,63,25
3:40:30,21,62,25
3:40:40,22,63,25
3:40:51,22,63,25
3:41:1,22,63,25
3:41:11,21,62,25
3:41:21,22,63,25
3:41:31,21,62,25
3:41:41,22,63,25
3:41:51,21,62,25
3:42:1,21,62,25
3:42:11,22,63,25
3:42:21,22,63,25
3:42:31,22,63,25
3:42:41,21,62,25
3:42:52,22,63,25
3:43:2,22,63,25
3:43:12,21,62,25
3:43:22,21,62,26
3:43:32,22,63,25
3:43:42,22,63,25
3:43:52,21,62,25
3:44:2,21,62,25
3:44:12,21,62,26
3:44:22,21,62,25
3:44:32,21,62,26
3:44:42,21,62,25
3:44:53,21,62,25
3:45:3,21,62,25
3:45:13,21,62,25
3:45:23,21,62,25
3:45:33,22,63,25
3:45:43,21,62,25
3:45:53,22,63,26
3:46:3,21,62,25
3:46:13,21,62,25
3:46:23,21,62,25
3:46:33,21,62,25
3:46:43,21,62,25
3:46:53,21,62,25
3:47:3,21,62,25
3:47:13,21,62,25
3:47:24,21,62,25
3:47:34,21,62,26
3:47:44,21,62,25
3:47:54,22,63,25
3:48:4,21,62,25
3:48:14,21,62,25
3:48:24,22,63,26
3:48:34,21,62,25
3:48:44,21,62,25
3:48:54,21,62,25
3:49:4,22,63,25
3:49:14,21,62,25
3:49:24,22,63,25
3:49:35,21,62,25
3:49:45,22,63,25
3:49:55,21,62,25
3:50:5,21,62,25
3:50:15,21,62,25
3:50:25,21,62,25
3:50:35,21,62,25
3:50:45,21,62,25
3:50:55,21,62,26
3:51:5,21,62,25
3:51:15,21,62,25
3:51:25,21,62,25
3:51:35,21,62,25
3:51:46,21,62,25
3:51:56,21,62,25
3:52:6,21,62,25
3:52:16,21,62,25
3:52:26,21,62,25
3:52:36,21,62,25
3:52:46,21,62,25
3:52:56,21,62,25
3:53:6,21,62,25
3:53:16,22,63,25
3:53:26,21,62,25
3:53:36,21,62,25
3:53:46,21,62,25
3:53:57,21,62,25
3:54:7,21,62,25
3:54:17,21,62,25
3:54:27,21,62,26
3:54:37,21,62,25
3:54:47,21,62,25
3:54:57,21,62,25
3:55:7,21,62,25
3:55:17,21,62,25
3:55:27,21,62,25
3:55:37,21,62,25
3:55:47,21,62,25
3:55:57,21,62,25
3:56:8,21,62,25
3:56:18,21,62,25
3:56:28,21,62,25
3:56:38,21,62,25
3:56:48,21,62,26
3:56:58,21,62,25
3:57:8,21,62,25
3:57:18,21,62,25
3:57:28,21,62,25
3:57:38,21,62,25
3:57:48,21,62,25
3:57:58,21,62,25
3:58:8,21,62,25
3:58:18,21,62,25
3:58:29,21,62,24
3:58:39,21,62,25
3:58:49,21,62,25
3:58:59,21,62,25
3:59:9,21,62,25
3:59:19,21,62,25
3:59:29,21,62,25
3:59:39,21,62,25
3:59:49,21,62,25
3:59:59,21,62,25
4:0:9,21,62,25
4:0:20,21,62,25
4:0:30,21,62,26
4:0:40,21,62,25
4:0:50,21,62,25
4:1:0,21,62,25
4:1:10,21,62,25
4:1:20,21,62,25
4:1:30,21,62,25
4:1:40,21,62,25
4:1:50,21,62,25
4:2:1,21,62,25
4:2:11,21,62,26
4:2:21,21,62,26
4:2:31,21,62,25
4:2:41,21,62,25
4:2:51,21,62,25
4:3:1,21,62,26
4:3:11,21,62,25
4:3:21,21,62,25
4:3:31,21,62,25
4:3:42,21,62,25
4:3:52,21,62,25
4:4:2,21,62,25
4:4:12,21,62,25
4:4:22,21,62,25
4:4:32,21,62,25
4:4:42,21,62,26
4:4:52,21,62,25
4:5:2,21,62,25
4:5:13,21,62,25
4:5:23,21,62,25
4:5:33,21,62,26
4:5:43,21,62,25
4:5:53,21,62,25
4:6:3,21,62,25
4:6:13,21,62,25
4:6:23,21,62,25
4:6:33,21,62,25
4:6:43,21,62,25
4:6:54,21,62,25
4:7:4,21,62,25
4:7:14,21,62,25
4:7:24,21,62,25
4:7:34,21,62,25
4:7:44,21,62,25
4:7:54,21,62,24
4:8:4,21,62,26
4:8:14,21,62,25
4:8:24,21,62,25
4:8:35,21,62,25
4:8:45,21,62,25
4:8:55,21,62,25
4:9:5,21,62,25
4:9:15,21,62,26
4:9:25,21,62,26
4:9:35,21,62,25
4:9:45,21,62,25
4:9:55,21,62,25
4:10:6,21,62,25
4:10:16,21,62,25
4:10:26,21,62,26
4:10:36,21,62,25
4:10:46,21,62,26
4:10:56,21,62,25
4:11:6,21,62,25
4:11:16,21,62,26
4:11:26,21,62,25
4:11:36,21,62,25
4:11:46,21,62,25
4:11:56,21,62,25
4:12:7,21,62,26
4:12:17,21,62,25
4:12:27,21,62,26
4:12:37,21,62,25
4:12:47,21,62,25
4:12:57,21,62,25
4:13:7,21,62,25
4:13:17,21,62,25
4:13:27,21,62,25
4:13:37,21,62,25
4:13:47,21,62,25
4:13:58,21,62,25
4:14:8,21,61,25
4:14:18,21,62,24
4:14:28,21,62,25
4:14:38,21,62,25
4:14:48,21,62,25
4:14:58,21,62,25
4:15:8,21,62,25
4:15:18,21,62,25
4:15:28,21,62,26
4:15:38,21,62,25
4:15:48,21,62,26
4:15:58,21,62,25
4:16:9,21,62,26
4:16:19,21,62,26
4:16:29,21,62,26
4:16:39,21,62,25
4:16:49,21,62,25
4:16:59,21,62,25
4:17:9,21,62,26
4:17:19,21,62,26
4:17:29,21,62,25
4:17:39,21,62,25
4:17:49,21,62,25
4:18:0,21,62,26
4:18:10,21,62,25
4:18:20,21,62,25
4:18:30,21,62,26
4:18:40,21,62,25
4:18:50,21,62,25
4:19:0,21,62,26
4:19:10,21,62,26
4:19:20,21,62,26
4:19:30,21,62,26
4:19:40,21,62,25
4:19:51,21,62,26
4:20:1,21,62,26
4:20:11,21,62,26
4:20:21,21,62,25
4:20:31,21,62,26
4:20:41,21,62,25
4:20:51,21,62,25
4:21:1,21,62,25
4:21:11,21,62,25
4:21:21,21,62,25
4:21:31,21,62,25
4:21:42,21,62,26
4:21:52,21,62,25
4:22:2,21,62,26
4:22:12,21,62,25
4:22:22,21,62,26
4:22:32,21,62,25
4:22:42,21,62,25
4:22:52,21,62,26
4:23:2,21,62,25
4:23:12,21,62,26
4:23:22,21,62,25
4:23:32,21,62,26
4:23:42,21,62,25
4:23:53,21,62,26
4:24:3,21,62,25
4:24:13,21,62,25
4:24:23,21,62,25
4:24:33,21,62,25
4:24:43,21,62,26
4:24:53,21,62,26
4:25:3,21,62,26
4:25:13,21,62,25
4:25:23,21,62,26
4:25:33,21,62,26
4:25:43,21,62,25
4:25:53,21,62,25
4:26:3,21,62,26
4:26:13,21,62,26
4:26:24,21,62,26
4:26:34,21,62,26
4:26:44,21,62,26
4:26:54,21,62,26
4:27:4,21,62,26
4:27:14,21,62,25
4:27:24,21,62,26
4:27:34,21,62,26
4:27:44,21,62,26
4:27:54,21,62,26
4:28:4,21,62,25
4:28:14,21,62,27
4:28:24,21,62,26
4:28:34,21,62,26
4:28:45,21,62,26
4:28:55,21,62,25
4:29:5,21,61,26
4:29:15,21,62,25
4:29:25,21,62,26
4:29:35,21,62,26
4:29:45,21,62,26
4:29:55,21,62,26
4:30:5,21,62,26
4:30:15,21,62,26
4:30:25,21,62,26
4:30:35,21,61,26
4:30:45,21,62,26
4:30:56,21,61,26
4:31:6,21,61,26
4:31:16,21,61,26
4:31:26,21,62,26
4:31:36,21,62,26
4:31:46,21,62,26
4:31:56,21,62,26
4:32:6,21,62,26
4:32:16,21,62,26
4:32:26,21,62,26
4:32:36,21,62,26
4:32:46,21,61,26
4:32:56,21,62,26
4:33:6,21,62,26
4:33:16,21,62,26
4:33:27,21,61,25
4:33:37,21,62,26
4:33:47,21,62,26
4:33:57,21,62,26
4:34:7,21,62,26
4:34:17,21,62,26
4:34:27,21,62,26
4:34:37,21,62,26
4:34:47,21,62,27
4:34:57,21,62,26
4:35:7,21,62,26
4:35:17,21,62,26
4:35:27,21,62,26
4:35:38,21,62,26
4:35:48,21,62,27
4:35:58,21,62,26
4:36:8,21,62,27
4:36:18,21,62,26
4:36:28,21,62,27
4:36:38,21,62,26
4:36:48,21,62,27
4:36:58,21,61,27
4:37:8,21,61,26
4:37:18,21,62,25
4:37:29,21,62,26
4:37:39,21,62,27
4:37:49,21,62,27
4:37:59,21,62,26
4:38:9,21,62,26
4:38:19,21,61,27
4:38:29,21,62,26
4:38:39,21,61,27
4:38:49,21,61,27
4:38:59,21,61,26
4:39:10,21,62,26
4:39:20,21,61,27
4:39:30,21,61,27
4:39:40,21,61,27
4:39:50,21,61,26
4:40:0,21,61,27
4:40:10,21,62,27
4:40:20,21,62,27
4:40:30,21,61,27
4:40:40,21,62,26
4:40:51,21,61,27
4:41:1,21,61,27
4:41:11,21,62,27
4:41:21,21,62,27
4:41:31,21,62,27
4:41:41,21,62,27
4:41:51,21,62,27
4:42:1,21,62,27
4:42:11,21,61,27
4:42:21,21,61,28
4:42:31,21,61,27
4:42:41,21,61,27
4:42:52,21,61,27
4:43:2,21,61,27
4:43:12,21,61,27
4:43:22,21,62,27
4:43:32,21,61,27
4:43:42,21,61,28
4:43:52,21,61,28
4:44:2,21,61,27
4:44:12,21,61,27
4:44:22,21,62,28
4:44:32,21,61,27
4:44:43,21,62,28
4:44:53,21,62,28
4:45:3,21,61,28
4:45:13,21,61,28
4:45:23,21,61,27
4:45:33,21,61,28
4:45:43,21,62,28
4:45:53,21,61,27
4:46:3,21,61,28
4:46:13,21,61,27
4:46:23,21,61,28
4:46:33,21,61,28
4:46:43,21,61,27
4:46:54,21,61,28
4:47:4,21,61,28
4:47:14,21,62,28
4:47:24,21,61,29
4:47:34,21,61,28
4:47:44,21,62,28
4:47:54,21,62,28
4:48:4,21,61,28
4:48:14,21,61,28
4:48:24,21,61,28
4:48:34,21,61,28
4:48:44,21,61,28
4:48:54,21,61,28
4:49:4,21,61,28
4:49:14,21,61,28
4:49:25,21,61,29
4:49:35,21,61,29
4:49:45,21,62,28
4:49:55,21,62,29
4:50:5,21,61,28
4:50:15,21,61,29
4:50:25,21,61,28
4:50:35,21,61,29
4:50:45,21,61,29
4:50:55,21,62,29
4:51:5,21,62,29
4:51:15,21,62,29
4:51:25,21,62,29
4:51:36,21,62,29
4:51:46,21,62,29
4:51:56,21,62,29
4:52:6,21,61,30
4:52:16,21,61,29
4:52:26,21,61,29
4:52:36,21,62,29
4:52:46,21,62,30
4:52:56,21,62,29
4:53:6,21,62,30
4:53:16,21,62,29
4:53:26,21,62,29
4:53:36,21,62,30
4:53:47,21,62,30
4:53:57,21,61,30
4:54:7,21,61,29
4:54:17,21,61,30
4:54:27,21,61,30
4:54:37,21,61,30
4:54:47,21,61,30
4:54:57,21,61,30
4:55:7,21,61,30
4:55:17,21,61,30
4:55:27,21,61,30
4:55:37,21,61,30
4:55:48,21,61,30
4:55:58,21,61,31
4:56:8,21,61,30
4:56:18,21,61,30
4:56:28,21,61,30
4:56:38,21,61,30
4:56:48,21,61,30
4:56:58,21,61,30
4:57:8,21,61,29
4:57:18,21,61,31
4:57:28,21,61,31
4:57:38,21,61,31
4:57:48,21,61,30
4:57:59,21,61,31
4:58:9,21,61,30
4:58:19,21,61,31
4:58:29,21,61,30
4:58:39,21,61,31
4:58:49,21,61,29
4:58:59,21,61,30
4:59:9,21,61,30
4:59:19,21,61,31
4:59:29,21,61,31
4:59:39,21,61,30
4:59:50,21,61,31
5:0:0,21,61,31
5:0:10,21,61,31
5:0:20,21,61,31
5:0:30,21,61,31
5:0:40,21,61,31
5:0:50,21,61,32
5:1:0,21,61,31
5:1:10,21,61,31
5:1:20,21,61,31
5:1:31,21,61,31
5:1:41,21,61,31
5:1:51,21,61,31
5:2:1,21,61,31
5:2:11,21,61,31
5:2:21,21,61,31
5:2:31,21,61,32
5:2:41,21,61,31
5:2:51,21,61,31
5:3:1,21,61,31
5:3:11,21,61,32
5:3:22,21,61,30
5:3:32,21,61,31
5:3:42,21,61,31
5:3:52,21,61,32
5:4:2,21,61,32
5:4:12,21,61,32
5:4:22,21,61,32
5:4:32,21,61,32
5:4:42,21,61,32
5:4:53,21,61,32
5:5:3,21,61,33
5:5:13,21,61,33
5:5:23,21,61,33
5:5:33,21,61,32
5:5:43,21,61,32
5:5:53,21,61,32
5:6:3,21,61,33
5:6:13,21,61,33
5:6:23,21,61,33
5:6:34,21,61,32
5:6:44,21,61,33
5:6:54,21,61,33
5:7:4,21,61,33
5:7:14,21,61,32
5:7:24,21,61,33
5:7:34,21,61,32
5:7:44,21,61,33
5:7:54,21,61,33
5:8:4,21,61,33
5:8:15,21,61,32
5:8:25,21,61,33
5:8:35,21,61,33
5:8:45,21,61,33
5:8:55,21,61,34
5:9:5,21,61,33
5:9:15,21,61,34
5:9:25,21,61,34
5:9:35,21,61,33
5:9:45,21,61,34
5:9:56,21,61,35
5:10:6,21,61,34
5:10:16,21,61,34
5:10:26,21,61,34
5:10:36,21,61,34
5:10:46,21,61,34
5:10:56,21,61,35
5:11:6,21,61,34
5:11:16,21,61,34
5:11:26,21,61,34
5:11:36,21,61,34
5:11:46,21,61,34
5:11:56,21,61,35
5:12:7,21,61,35
5:12:17,21,61,35
5:12:27,21,61,34
5:12:37,21,61,34
5:12:47,21,61,35
5:12:57,21,61,35
5:13:7,21,61,36
5:13:17,21,61,35
5:13:27,21,61,35
5:13:37,21,61,35
5:13:47,21,61,35
5:13:58,21,61,36
5:14:8,21,61,36
5:14:18,21,61,35
5:14:28,21,61,35
5:14:38,21,61,34
5:14:48,21,61,36
5:14:58,21,61,36
5:15:8,21,61,36
5:15:18,21,61,36
5:15:28,21,61,37
5:15:38,21,61,36
5:15:48,21,61,36
5:15:58,21,61,35
5:16:9,21,61,36
5:16:19,21,61,37
5:16:29,21,61,37
5:16:39,21,61,36
5:16:49,21,61,36
5:16:59,21,61,37
5:17:9,21,61,37
5:17:19,21,61,37
5:17:29,21,61,37
5:17:39,21,61,37
5:17:49,21,61,37
5:18:0,21,61,37
5:18:10,21,61,37
5:18:20,21,61,37
5:18:30,21,61,37
5:18:40,21,61,37
5:18:50,21,61,37
5:19:0,21,61,37
5:19:10,21,61,37
5:19:20,21,61,38
5:19:30,21,61,37
5:19:41,21,61,38
5:19:51,21,61,38
5:20:1,21,61,38
5:20:11,21,61,38
5:20:21,21,61,38
5:20:31,21,61,37
5:20:41,21,61,38
5:20:51,21,61,38
5:21:1,21,61,38
5:21:11,21,61,38
5:21:21,21,61,38
5:21:31,21,61,39
5:21:41,21,61,39
5:21:52,21,61,39
5:22:2,21,61,38
5:22:12,21,61,39
5:22:22,21,61,40
5:22:32,21,61,39
5:22:42,21,61,39
5:22:52,21,61,39
5:23:2,21,61,39
5:23:12,21,61,40
5:23:22,21,61,39
5:23:32,21,61,40
5:23:43,21,61,40
5:23:53,21,61,41
5:24:3,21,61,40
5:24:13,21,61,40
5:24:23,21,61,41
5:24:33,21,61,41
5:24:43,21,61,40
5:24:53,21,61,41
5:25:3,21,61,40
5:25:13,21,61,41
5:25:23,21,61,41
5:25:33,21,61,41
5:25:44,21,61,41
5:25:54,21,61,42
5:26:4,21,61,41
5:26:14,21,61,42
5:26:24,21,61,42
5:26:34,21,61,42
5:26:44,21,61,42
5:26:54,21,61,42
5:27:4,21,61,42
5:27:14,21,61,42
5:27:24,21,61,42
5:27:34,21,61,43
5:27:44,21,61,43
5:27:55,21,61,43
5:28:5,21,61,43
5:28:15,21,61,43
5:28:25,21,61,43
5:28:35,21,61,43
5:28:45,21,61,44
5:28:55,21,61,44
5:29:5,21,61,43
5:29:15,21,61,44
5:29:25,21,61,43
5:29:35,21,61,43
5:29:45,21,61,44
5:29:55,21,61,44
5:30:5,21,61,45
5:30:16,21,61,44
5:30:26,21,61,44
5:30:36,21,61,44
5:30:46,21,61,44
5:30:56,21,61,46
5:31:6,21,61,45
5:31:16,21,61,45
5:31:26,21,61,46
5:31:36,21,61,45
5:31:46,21,61,46
5:31:56,21,61,46
5:32:6,21,61,45
5:32:16,21,61,46
5:32:27,21,61,46
5:32:37,21,61,47
5:32:47,21,61,46
5:32:57,21,61,47
5:33:7,21,61,47
5:33:17,21,61,47
5:33:27,21,61,47
5:33:37,21,61,47
5:33:47,21,61,47
5:33:57,21,61,47
5:34:7,21,61,48
5:34:17,21,61,48
5:34:27,21,61,48
5:34:37,21,61,48
5:34:48,21,61,48
5:34:58,21,61,49
5:35:8,21,61,48
5:35:18,21,61,48
5:35:28,21,61,48
5:35:38,21,61,48
5:35:48,21,61,49
5:35:58,21,61,49
5:36:8,21,61,49
5:36:18,21,61,49
5:36:29,21,61,50
5:36:39,21,61,49
5:36:49,21,61,50
5:36:59,21,61,50
5:37:9,21,61,50
5:37:19,21,61,50
5:37:29,21,61,50
5:37:39,21,61,50
5:37:49,21,61,51
5:37:59,21,61,51
5:38:10,21,61,51
5:38:20,21,61,51
5:38:30,21,61,51
5:38:40,21,61,51
5:38:50,21,61,52
5:39:0,21,61,52
5:39:10,21,61,52
5:39:20,21,61,52
5:39:30,21,61,52
5:39:40,21,61,52
5:39:51,21,61,52
5:40:1,21,61,53
5:40:11,21,61,52
5:40:21,21,61,53
5:40:31,21,61,53
5:40:41,21,61,53
5:40:51,21,61,53
5:41:1,21,61,53
5:41:11,21,61,53
5:41:21,21,61,54
5:41:31,21,61,53
5:41:41,21,61,53
5:41:51,21,61,54
5:42:2,21,61,54
5:42:12,21,61,54
5:42:22,21,61,54
5:42:32,21,61,54
5:42:42,21,61,54
5:42:52,21,61,55
5:43:2,21,61,55
5:43:12,21,61,54
5:43:22,21,61,55
5:43:32,21,61,55
5:43:43,21,61,55
5:43:53,21,61,55
5:44:3,21,61,55
5:44:13,21,61,55
5:44:23,21,61,55
5:44:33,21,61,56
5:44:43,21,61,56
5:44:53,21,61,56
5:45:3,21,61,56
5:45:13,21,61,56
5:45:23,21,61,56
5:45:33,21,61,56
5:45:43,21,61,56
5:45:54,21,61,57
5:46:4,21,61,56
5:46:14,21,61,57
5:46:24,21,61,57
5:46:34,21,61,57
5:46:44,21,61,58
5:46:54,21,61,58
5:47:4,21,61,58
5:47:14,21,61,58
5:47:24,21,61,58
5:47:34,21,61,59
5:47:44,21,61,58
5:47:54,21,61,59
5:48:4,21,61,59
5:48:14,21,61,59
5:48:25,21,61,58
5:48:35,21,61,59
5:48:45,21,61,59
5:48:55,21,61,60
5:49:5,21,61,60
5:49:15,21,61,60
5:49:25,21,61,60
5:49:35,21,61,60
5:49:45,21,61,60
5:49:55,21,61,60
5:50:5,21,61,60
5:50:15,21,61,60
5:50:25,21,61,61
5:50:36,21,61,61
5:50:46,21,61,61
5:50:56,21,61,61
5:51:6,21,61,61
5:51:16,21,61,62
5:51:26,21,61,62
5:51:36,21,61,62
5:51:46,21,61,62
5:51:56,21,61,62
5:52:6,21,61,62
5:52:16,21,61,62
5:52:26,21,61,62
5:52:36,21,62,63
5:52:47,21,61,63
5:52:57,21,61,63
5:53:7,21,61,63
5:53:17,21,61,63
5:53:27,21,61,63
5:53:37,21,61,63
5:53:47,21,61,64
5:53:57,21,61,63
5:54:7,21,61,64
5:54:17,21,61,64
5:54:27,21,61,64
5:54:37,21,61,64
5:54:48,21,61,64
5:54:58,21,61,65
5:55:8,21,61,65
5:55:18,21,61,65
5:55:28,21,61,65
5:55:38,21,61,65
5:55:48,21,61,66
5:55:58,21,61,66
5:56:8,21,61,65
5:56:18,21,61,66
5:56:28,21,61,66
5:56:38,21,61,67
5:56:48,21,61,67
5:56:59,21,61,67
5:57:9,21,61,67
5:57:19,21,61,67
5:57:29,21,61,67
5:57:39,21,61,67
5:57:49,21,61,67
5:57:59,21,61,68
5:58:9,21,61,68
5:58:19,21,61,68
5:58:30,21,61,69
5:58:40,21,61,68
5:58:50,21,61,68
5:59:0,21,61,68
5:59:10,21,61,68
5:59:20,21,61,69
5:59:30,21,61,69
5:59:40,21,61,69
5:59:50,21,61,69
6:0:0,21,61,69
6:0:10,21,61,70
6:0:20,21,61,70
6:0:31,21,61,70
6:0:41,21,61,70
6:0:51,21,61,70
6:1:1,21,61,71
6:1:11,21,61,71
6:1:21,21,61,71
6:1:31,21,61,70
6:1:41,21,61,71
6:1:51,21,61,72
6:2:2,21,61,71
6:2:12,21,61,71
6:2:22,21,61,72
6:2:32,21,61,72
6:2:42,21,61,72
6:2:52,21,61,73
6:3:2,21,61,72
6:3:12,21,61,73
6:3:22,21,61,73
6:3:32,21,61,73
6:3:43,21,61,73
6:3:53,21,61,73
6:4:3,21,61,73
6:4:13,21,61,74
6:4:23,21,61,74
6:4:33,21,61,74
6:4:43,21,61,75
6:4:53,21,61,75
6:5:3,21,61,75
6:5:14,21,61,75
6:5:24,21,61,75
6:5:34,21,61,75
6:5:44,21,61,76
6:5:54,21,61,76
6:6:4,21,61,76
6:6:14,21,61,76
6:6:24,21,61,76
6:6:34,21,61,77
6:6:44,21,61,76
6:6:55,21,61,77
6:7:5,21,61,77
6:7:15,21,61,77
6:7:25,21,61,77
6:7:35,21,61,77
6:7:45,21,61,78
6:7:55,21,61,78
6:8:5,21,61,78
6:8:15,21,61,78
6:8:25,21,61,78
6:8:36,21,61,79
6:8:46,21,61,79
6:8:56,21,61,79
6:9:6,21,61,79
6:9:16,21,61,79
6:9:26,21,61,80
6:9:36,21,61,80
6:9:46,21,61,80
6:9:56,21,61,80
6:10:7,21,61,81
6:10:17,21,61,80
6:10:27,21,61,80
6:10:37,21,61,80
6:10:47,21,61,81
6:10:57,21,61,81
6:11:7,21,61,81
6:11:17,21,61,82
6:11:27,21,61,81
6:11:37,21,61,82
6:11:47,21,61,82
6:11:57,21,61,82
6:12:8,21,61,82
6:12:18,21,61,83
6:12:28,21,61,83
6:12:38,21,61,83
6:12:48,21,61,83
6:12:58,21,61,83
6:13:8,21,61,84
6:13:18,21,61,84
6:13:28,21,61,83
6:13:38,21,61,84
6:13:48,21,61,84
6:13:58,21,61,85
6:14:9,21,61,85
6:14:19,21,61,85
6:14:29,21,61,85
6:14:39,21,61,85
6:14:49,21,61,85
6:14:59,21,61,85
6:15:9,21,61,86
6:15:19,21,61,86
6:15:29,21,61,87
6:15:39,21,61,86
6:15:49,21,61,86
6:16:0,21,61,87
6:16:10,21,61,87
6:16:20,21,61,87
6:16:30,21,61,87
6:16:40,21,61,87
6:16:50,21,61,88
6:17:0,21,61,88
6:17:10,21,61,88
6:17:20,21,61,89
6:17:30,21,61,88
6:17:41,21,61,89
6:17:51,21,61,89
6:18:1,21,61,89
6:18:11,21,61,90
6:18:21,21,61,90
6:18:31,21,61,90
6:18:41,21,61,90
6:18:51,21,61,90
6:19:1,21,61,91
6:19:11,21,61,90
6:19:21,21,61,91
6:19:32,21,61,91
6:19:42,21,61,92
6:19:52,21,61,92
6:20:2,21,61,92
6:20:12,21,61,92
6:20:22,21,61,93
6:20:32,21,61,92
6:20:42,21,61,93
6:20:52,21,61,93
6:21:2,21,61,93
6:21:12,21,61,93
6:21:22,21,61,94
6:21:32,21,61,94
6:21:42,21,61,94
6:21:53,21,61,94
6:22:3,21,61,94
6:22:13,21,61,94
6:22:23,21,61,95
6:22:33,21,61,94
6:22:43,21,61,95
6:22:53,21,61,95
6:23:3,21,61,95
6:23:13,21,61,96
6:23:23,21,61,96
6:23:33,21,61,96
6:23:43,21,61,96
6:23:53,21,61,96
6:24:4,21,61,97
6:24:14,21,61,96
6:24:24,21,61,96
6:24:34,21,61,96
6:24:44,21,61,97
6:24:54,21,61,98
6:25:4,21,61,97
6:25:14,21,61,97
6:25:24,21,61,97
6:25:34,21,61,98
6:25:44,21,61,98
6:25:54,21,61,98
6:26:4,21,61,98
6:26:14,21,61,98
6:26:25,21,61,98
6:26:35,21,61,100
6:26:45,21,61,99
6:26:55,21,61,99
6:27:5,21,61,100
6:27:15,21,61,100
6:27:25,21,61,100
6:27:35,21,62,100
6:27:45,21,61,100
6:27:55,21,62,90
6:28:5,21,61,649
6:28:15,21,61,653
6:28:25,21,61,652
6:28:36,21,61,651
6:28:46,21,61,639
6:28:56,21,62,650
6:29:6,21,62,649
6:29:16,21,62,649
6:29:26,21,62,648
6:29:36,21,62,647
6:29:46,21,62,647
6:29:56,21,62,646
6:30:6,21,62,646
6:30:16,21,62,645
6:30:26,21,62,645
6:30:36,21,63,644
6:30:46,21,62,644
6:30:56,21,62,643
6:31:7,21,63,643
6:31:17,21,63,643
6:31:27,21,63,643
6:31:37,21,63,643
6:31:47,21,63,642
6:31:57,21,63,641
6:32:7,21,63,641
6:32:17,21,63,641
6:32:27,21,63,641
6:32:37,21,63,640
6:32:47,21,63,643
6:32:57,21,63,25
6:33:7,21,63,33
6:33:18,21,64,44
6:33:28,21,64,52
6:33:38,21,64,52
6:33:48,21,64,53
6:33:58,21,64,56
6:34:8,21,64,58
6:34:18,21,64,58
6:34:28,21,64,58
6:34:38,21,64,61
6:34:48,21,64,61
6:34:58,21,64,61
6:35:8,21,64,61
6:35:19,21,64,62
6:35:29,21,64,62
6:35:39,21,64,61
6:35:49,21,64,59
6:35:59,21,64,58
6:36:9,21,64,41
6:36:19,21,64,41
6:36:29,21,64,53
6:36:39,21,64,55
6:36:49,21,64,57
6:37:0,21,64,58
6:37:10,21,64,58
6:37:20,21,64,58
6:37:30,21,64,58
6:37:40,21,64,58
6:37:50,21,64,58
6:38:0,21,64,58
6:38:10,21,64,58
6:38:20,21,64,58
6:38:30,21,64,59
6:38:40,21,64,58
6:38:51,21,64,59
6:39:1,21,64,59
6:39:11,21,64,59
6:39:21,21,64,59
6:39:31,21,64,60
6:39:41,21,64,59
6:39:51,21,64,60
6:40:1,21,64,59
6:40:11,21,64,61
6:40:21,21,64,59
6:40:31,21,64,59
6:40:42,21,64,60
6:40:52,21,64,60
6:41:2,21,64,61
6:41:12,21,64,60
6:41:22,21,64,60
6:41:32,21,64,60
6:41:42,21,64,60
6:41:52,21,64,61
6:42:2,21,64,60
6:42:12,21,64,60
6:42:22,21,64,61
6:42:32,21,64,61
6:42:42,21,64,61
6:42:53,21,64,61
6:43:3,21,64,61
6:43:13,21,65,60
6:43:23,21,64,61
6:43:33,21,64,62
6:43:43,21,64,61
6:43:53,21,64,61
6:44:3,21,64,62
6:44:13,21,65,62
6:44:23,21,64,63
6:44:33,21,64,62
6:44:43,21,65,62
6:44:53,21,65,62
6:45:3,21,64,62
6:45:13,21,65,63
6:45:24,21,64,62
6:45:34,21,64,62
6:45:44,21,64,62
6:45:54,21,64,63
6:46:4,21,64,64
6:46:14,21,64,63
6:46:24,21,64,63
6:46:34,21,64,63
6:46:44,21,64,62
6:46:54,21,64,63
6:47:4,21,64,63
6:47:14,21,64,63
6:47:25,21,64,63
6:47:35,21,64,63
6:47:45,21,64,63
6:47:55,21,64,63
6:48:5,21,65,59
6:48:15,21,64,63
6:48:25,21,64,64
6:48:35,21,64,63
6:48:45,21,64,63
6:48:55,21,64,64
6:49:5,21,65,64
6:49:15,21,64,64
6:49:25,21,64,64
6:49:35,21,64,64
6:49:46,21,64,65
6:49:56,21,64,64
6:50:6,21,64,64
6:50:16,21,64,64
6:50:26,21,65,63
6:50:36,21,64,65
6:50:46,21,65,65
6:50:56,21,65,64
6:51:6,21,65,65
6:51:16,21,65,65
6:51:26,21,65,65
6:51:36,21,65,65
6:51:46,21,65,65
6:51:57,21,64,64
6:52:7,21,65,65
6:52:17,21,64,65
6:52:27,21,65,65
6:52:37,21,65,66
6:52:47,21,65,66
6:52:57,21,65,66
6:53:7,21,64,66
6:53:17,21,65,66
6:53:27,21,65,66
6:53:37,21,65,66
6:53:48,21,65,66
6:53:58,21,65,66
6:54:8,21,65,66
6:54:18,21,64,66
6:54:28,21,65,66
6:54:38,21,65,67
6:54:48,21,65,67
6:54:58,21,65,67
6:55:8,21,65,67
6:55:18,21,64,67
6:55:28,21,65,67
6:55:38,21,65,67
6:55:48,21,65,67
6:55:59,21,65,68
6:56:9,21,65,67
6:56:19,21,65,68
6:56:29,21,65,67
6:56:39,21,65,64
6:56:49,21,65,68
6:56:59,21,64,68
6:57:9,21,65,69
6:57:19,21,65,68
6:57:29,21,65,68
6:57:39,21,65,68
6:57:49,21,65,68
6:58:0,21,65,69
6:58:10,21,65,68
6:58:20,21,65,68
6:58:30,21,65,68
6:58:40,21,65,69
6:58:50,21,65,69
6:59:0,21,65,69
6:59:10,21,65,69
6:59:20,21,65,69
6:59:30,21,65,61
6:59:41,21,65,69
6:59:51,21,65,72
7:0:1,21,65,611
7:0:11,22,66,610