0:0:0,22.5,82
0:0:1,22.5,82
0:0:2,22.5,82
0:0:3,22.5,82
0:0:4,22.5,82
0:0:5,22.5,82
0:0:6,22.5,82
0:0:7,22.5,82
0:0:8,22.6,82
0:0:9,22.6,82
0:0:10,22.6,82
0:0:11,22.6,82
0:0:12,22.6,82
0:0:13,22.6,82
0:0:14,22.6,82
0:0:15,22.6,82
0:0:16,22.6,82
0:0:17,22.6,82
0:0:18,22.7,82
0:0:19,22.7,82
0:0:20,22.7,82
0:0:21,22.7,82
0:0:22,22.7,82
0:0:23,22.7,82
0:0:24,22.8,82
0:0:25,22.8,82
0:0:27,22.8,81
0:0:28,22.8,81
0:0:29,22.8,81
0:0:30,22.8,81
0:0:31,22.8,81
0:0:32,22.8,81
0:0:33,22.8,81
0:0:34,22.8,81
0:0:35,22.8,81
0:0:36,22.8,81
0:0:37,22.8,81
0:0:38,22.8,81
0:0:39,22.8,81
0:0:40,22.8,81
0:0:41,22.9,81
0:0:42,22.9,81
0:0:43,22.9,81
0:0:44,22.9,81
0:0:45,22.9,81
0:0:46,22.9,81
0:0:47,22.9,81
0:0:48,22.9,81
0:0:49,22.9,81
0:0:50,22.9,81
0:0:51,22.9,81
0:0:52,22.9,81
0:0:53,22.9,81
0:0:54,22.9,81
0:0:55,22.9,81
0:0:57,22.9,81
0:0:58,22.9,81
0:0:59,22.9,81
0:1:0,22.9,81
0:1:1,22.9,81
0:1:2,22.9,81
0:1:3,22.9,81
0:1:4,22.9,81
0:1:5,22.9,81
0:1:6,22.9,81
0:1:7,22.9,81
0:1:8,22.9,81
0:1:9,22.9,81
0:1:10,22.9,81
0:1:11,22.9,81
0:1:12,22.9,81
0:1:13,22.9,81
0:1:14,22.9,81
0:1:15,22.9,81
0:1:16,22.9,81
0:1:17,22.9,81
0:1:18,23,81
0:1:19,23,81
0:1:20,22.9,80
0:1:21,22.9,80
0:1:22,22.9,80
0:1:23,22.9,80
0:1:24,22.9,80
0:1:25,22.9,80
0:1:26,22.9,80
0:1:28,22.9,80
0:1:29,22.9,80
0:1:30,22.9,80
0:1:31,23,80
0:1:32,23,80
0:1:33,23,80
0:1:34,23,80
0:1:35,23,80
0:1:36,23,80
0:1:37,23,80
0:1:38,23,80
0:1:39,23,80
0:1:40,23,80
0:1:41,23,80
0:1:42,23,80
0:1:43,23,80
0:1:44,23,80
0:1:45,23,80
0:1:46,23,80
0:1:47,23,80
0:1:48,23,80
0:1:49,23,80
0:1:50,23,80
0:1:51,23,80
0:1:52,23,80
0:1:53,23,80
0:1:54,23,80
0:1:55,23,80
0:1:56,23,80
0:1:58,23,80
0:1:59,23,80
0:2:0,23,80
0:2:1,23,80
0:2:2,23,80
0:2:3,23,80
0:2:4,23,80
0:2:5,23,80
0:2:6,23,80
0:2:7,23,80
0:2:8,23,80
0:2:9,23,80
0:2:10,23,80
0:2:11,23,80
0:2:12,23,80
0:2:13,23,80
0:2:14,23,80
0:2:15,23,80
0:2:16,23,80
0:2:17,23,80
0:2:18,23,80
0:2:19,23,80
0:2:20,23,80
0:2:21,23,80
0:2:22,23,80
0:2:23,23,80
0:2:24,23,80
0:2:25,23,80
0:2:26,23,80
0:2:27,23,80
0:2:29,23,80
0:2:30,23,80
0:2:31,23.1,80
0:2:32,23.1,80
0:2:33,23.1,80
0:2:34,23.1,80
0:2:35,23.1,80
0:2:36,23.1,80
0:2:37,23.1,80
0:2:38,23.1,80
0:2:39,23.1,80
0:2:40,23.1,80
0:2:41,23.1,80
0:2:42,23.1,80
0:2:43,23.1,80
0:2:44,23.1,80
0:2:45,23.1,80
0:2:46,23.1,80
0:2:47,23.1,80
0:2:48,23.1,80
0:2:49,23.1,80
0:2:50,23.1,80
0:2:51,23.1,80
0:2:52,23.1,80
0:2:53,23.1,80
0:2:54,23.1,80
0:2:55,23.1,80
0:2:56,23.1,80
0:2:57,23.1,80
0:2:59,23.1,80
0:3:0,23.1,80
0:3:1,23.1,80
0:3:2,23.1,80
0:3:3,23.1,80
0:3:4,23.1,80
0:3:5,23.1,80
0:3:6,23.1,80
0:3:7,23.1,80
0:3:8,23.1,80
0:3:9,23.1,80
0:3:10,23.1,80
0:3:11,23.1,80
0:3:12,23.1,80
0:3:13,23.1,80
0:3:14,23.1,79
0:3:15,23.1,79
0:3:16,23.1,80
0:3:17,23.1,80
0:3:18,23.1,80
0:3:19,23.1,80
0:3:20,23.1,79
0:3:21,23.1,79
0:3:22,23.1,80
0:3:23,23.1,80
0:3:24,23.1,79
0:3:25,23.1,79
0:3:26,23.1,79
0:3:27,23.1,79
0:3:28,23.1,80
0:3:30,23.1,80
0:3:31,23.1,79
0:3:32,23.1,79
0:3:33,23.1,79
0:3:34,23.1,79
0:3:35,23.1,79
0:3:36,23.1,79
0:3:37,23.1,79
0:3:38,23.1,79
0:3:39,23.1,79
0:3:40,23.1,79
0:3:41,23.1,79
0:3:42,23.1,79
0:3:43,23.1,79
0:3:44,23.1,79
0:3:45,23.1,79
0:3:46,23.1,79
0:3:47,23.1,79
0:3:48,23.1,79
0:3:49,23.1,79
0:3:50,23.1,79
0:3:51,23.1,79
0:3:52,23.1,79
0:3:53,23.1,79
0:3:54,23.1,79
0:3:55,23.1,79
0:3:56,23.1,79
0:3:58,23.1,79
0:3:59,23.1,79
0:4:0,23.1,79
0:4:1,23.1,79
0:4:2,23.1,79
0:4:3,23.1,79
0:4:4,23.1,79
0:4:5,23.1,79
0:4:6,23.1,79
0:4:7,23.1,79
0:4:8,23.1,79
0:4:9,23.1,79
0:4:10,23.1,79
0:4:11,23.1,79
0:4:12,23.1,79
0:4:13,23.1,79
0:4:14,23.2,79
0:4:15,23.2,79
0:4:16,23.1,79
0:4:17,23.1,79
0:4:18,23.1,79
0:4:19,23.1,79
0:4:20,23.2,79
0:4:21,23.2,79
0:4:22,23.2,79
0:4:23,23.2,79
0:4:24,23.2,79
0:4:26,23.2,79
0:4:27,23.2,79
0:4:28,23.2,79
0:4:29,23.2,79
0:4:30,23.2,79
0:4:31,23.2,79
0:4:32,23.2,79
0:4:33,23.2,79
0:4:34,23.2,79
0:4:35,23.2,79
0:4:36,23.2,79
0:4:37,23.2,79
0:4:38,23.2,79
0:4:39,23.2,79
0:4:40,23.2,79
0:4:41,23.2,79
0:4:42,23.2,79
0:4:43,23.2,79
0:4:44,23.2,79
0:4:45,23.2,79
0:4:46,23.2,79
0:4:47,23.2,79
0:4:48,23.2,79
0:4:49,23.2,79
0:4:50,23.2,79
0:4:51,23.2,79
0:4:52,23.2,79
0:4:53,23.2,79
0:4:55,23.2,79
0:4:56,23.2,79
0:4:57,23.2,79
0:4:58,23.2,79
0:4:59,23.2,79
0:5:0,23.2,79
0:5:1,23.2,79
0:5:2,23.2,79
0:5:3,23.2,79
0:5:4,23.2,79
0:5:5,23.2,79
0:5:6,23.2,79
0:5:7,23.2,79
0:5:8,23.2,79
0:5:9,23.2,79
0:5:10,23.2,79
0:5:11,23.2,79
0:5:12,23.2,79
0:5:13,23.2,79
0:5:14,23.2,79
0:5:15,23.2,79
0:5:16,23.2,79
0:5:17,23.2,79
0:5:18,23.2,79
0:5:19,23.2,79
0:5:20,23.2,79
0:5:21,23.2,79
0:5:22,23.2,79
0:5:24,23.2,79
0:5:25,23.2,79
0:5:26,23.2,79
0:5:27,23.2,79
0:5:28,23.2,79
0:5:29,23.2,79
0:5:30,23.2,79
0:5:31,23.2,79
0:5:32,23.2,79
0:5:33,23.2,79
0:5:34,23.2,79
0:5:35,23.2,79
0:5:36,23.2,79
0:5:37,23.2,79
0:5:38,23.2,79
0:5:39,23.2,79
0:5:40,23.2,79
0:5:41,23.2,79
0:5:42,23.2,79
0:5:43,23.2,79
0:5:44,23.2,79
0:5:45,23.2,79
0:5:46,23.2,79
0:5:47,23.2,79
0:5:48,23.2,79
0:5:49,23.2,79
0:5:50,23.2,79
0:5:52,23.2,79
0:5:53,23.2,79
0:5:54,23.2,79
0:5:55,23.2,79
0:5:56,23.2,79
0:5:57,23.2,79
0:5:58,23.2,79
0:5:59,23.2,79
0:6:0,23.2,79
0:6:1,23.2,79
0:6:2,23.2,79
0:6:3,23.2,79
0:6:4,23.2,79
0:6:5,23.2,79
0:6:6,23.2,79
0:6:7,23.2,79
0:6:8,23.2,79
0:6:9,23.2,79
0:6:10,23.2,79
0:6:11,23.2,79
0:6:12,23.2,79
0:6:13,23.2,79
0:6:14,23.2,79
0:6:15,23.2,79
0:6:16,23.2,79
0:6:17,23.2,79
0:6:18,23.2,79
0:6:19,23.2,79
0:6:21,23.2,79
0:6:22,23.2,79
0:6:23,23.2,79
0:6:24,23.2,79
0:6:25,23.2,79
0:6:26,23.2,79
0:6:27,23.2,79
0:6:28,23.2,79
0:6:29,23.2,79
0:6:30,23.2,79
0:6:31,23.2,79
0:6:32,23.2,79
0:6:33,23.2,79
0:6:34,23.2,79
0:6:35,23.2,79
0:6:36,23.2,79
0:6:37,23.2,79
0:6:38,23.2,79
0:6:39,23.2,79
0:6:40,23.2,79
0:6:41,23.2,79
0:6:42,23.2,79
0:6:43,23.2,79
0:6:44,23.2,79
0:6:45,23.2,79
0:6:46,23.2,79
0:6:47,23.2,79
0:6:49,23.2,79
0:6:50,23.2,79
0:6:51,23.2,79
0:6:52,23.2,79
0:6:53,23.2,79
0:6:54,23.2,79
0:6:55,23.2,79
0:6:56,23.2,79
0:6:57,23.2,79
0:6:58,23.2,78
0:6:59,23.2,78
0:7:0,23.2,79
0:7:1,23.2,79
0:7:2,23.2,79
0:7:3,23.2,79
0:7:4,23.2,79
0:7:5,23.2,79
0:7:6,23.2,79
0:7:7,23.2,79
0:7:8,23.2,79
0:7:9,23.2,79
0:7:10,23.2,79
0:7:11,23.2,79
0:7:12,23.2,79
0:7:13,23.2,79
0:7:14,23.2,79
0:7:15,23.2,79
0:7:16,23.2,79
0:7:18,23.2,79
0:7:19,23.2,78
0:7:20,23.2,78
0:7:21,23.2,79
0:7:22,23.2,79
0:7:23,23.2,79
0:7:24,23.2,79
0:7:25,23.2,78
0:7:26,23.2,78
0:7:27,23.2,79
0:7:28,23.2,79
0:7:29,23.2,78
0:7:30,23.2,78
0:7:31,23.2,78
0:7:32,23.2,78
0:7:33,23.2,78
0:7:34,23.2,78
0:7:35,23.2,78
0:7:36,23.2,78
0:7:37,23.2,78
0:7:38,23.2,78
0:7:39,23.2,79
0:7:40,23.2,79
0:7:41,23.2,78
0:7:42,23.2,78
0:7:43,23.2,79
0:7:44,23.2,79
0:7:46,23.2,79
0:7:47,23.2,79
0:7:48,23.2,78
0:7:49,23.2,78
0:7:50,23.2,78
0:7:51,23.2,78
0:7:52,23.2,79
0:7:53,23.2,79
0:7:54,23.2,78
0:7:55,23.2,78
0:7:56,23.2,78
0:7:57,23.2,78
0:7:58,23.2,79
0:7:59,23.2,79
0:8:0,23.2,78
0:8:1,23.2,78
0:8:2,23.2,78
0:8:3,23.2,78
0:8:4,23.2,78
0:8:5,23.2,78
0:8:6,23.2,78
0:8:7,23.2,78
0:8:8,23.2,78
0:8:9,23.2,78
0:8:10,23.2,78
0:8:11,23.2,78
0:8:12,23.2,78
0:8:13,23.2,78
0:8:15,23.3,78
0:8:16,23.3,78
0:8:17,23.3,78
0:8:18,23.3,78
0:8:19,23.3,78
0:8:20,23.3,78
0:8:21,23.3,78
0:8:22,23.3,78
0:8:23,23.3,78
0:8:24,23.3,78
0:8:25,23.3,78
0:8:26,23.3,78
0:8:27,23.3,78
0:8:28,23.3,78
0:8:29,23.3,78
0:8:30,23.3,78
0:8:31,23.3,78
0:8:32,23.3,78
0:8:33,23.3,78
0:8:34,23.3,78
0:8:35,23.3,78
0:8:36,23.3,78
0:8:37,23.3,78
0:8:38,23.3,78
0:8:39,23.3,78
0:8:40,23.3,78
0:8:41,23.3,78
0:8:43,23.3,78
0:8:44,23.3,78
0:8:45,23.3,78
0:8:46,23.3,78
0:8:47,23.3,78
0:8:48,23.3,78
0:8:49,23.3,78
0:8:50,23.3,78
0:8:51,23.3,78
0:8:52,23.3,78
0:8:53,23.3,78
0:8:54,23.3,78
0:8:55,23.3,78
0:8:56,23.3,78
0:8:57,23.3,78
0:8:58,23.3,78
0:8:59,23.3,78
0:9:0,23.3,78
0:9:1,23.3,78
0:9:2,23.3,78
0:9:3,23.3,78
0:9:4,23.3,78
0:9:5,23.3,78
0:9:6,23.3,78
0:9:7,23.3,78
0:9:8,23.3,78
0:9:9,23.3,78
0:9:10,23.3,78
0:9:12,23.3,78
0:9:13,23.3,78
0:9:14,23.3,78
0:9:15,23.3,78
0:9:16,23.3,78
0:9:17,23.3,78
0:9:18,23.3,78
0:9:19,23.3,78
0:9:20,23.3,78
0:9:21,23.3,78
0:9:22,23.3,78
0:9:23,23.3,78
0:9:24,23.3,78
0:9:25,23.3,78
0:9:26,23.3,78
0:9:27,23.3,78
0:9:28,23.3,78
0:9:29,23.3,78
0:9:30,23.3,78
0:9:31,23.3,78
0:9:32,23.3,78
0:9:33,23.3,78
0:9:34,23.3,78
0:9:35,23.3,78
0:9:36,23.3,78
0:9:37,23.3,78
0:9:38,23.3,78
0:9:39,23.3,78
0:9:41,23.3,78
0:9:42,23.3,78
0:9:43,23.3,78
0:9:44,23.3,78
0:9:45,23.3,78
0:9:46,23.3,78
0:9:47,23.3,78
0:9:48,23.3,78
0:9:49,23.3,78
0:9:50,23.3,78
0:9:51,23.3,78
0:9:52,23.3,78
0:9:53,23.3,78
0:9:54,23.3,78
0:9:55,23.3,78
0:9:56,23.3,78
0:9:57,23.3,78
0:9:58,23.3,78
0:9:59,23.3,78
0:10:0,23.3,78
0:10:1,23.3,78
0:10:2,23.3,78
0:10:3,23.3,78
0:10:4,23.3,78
0:10:5,23.3,78
0:10:6,23.3,78
0:10:7,23.3,78
0:10:9,23.3,78
0:10:10,23.3,78
0:10:11,23.3,78
0:10:12,23.3,78
0:10:13,23.3,78
0:10:14,23.3,78
0:10:15,23.3,78
0:10:16,23.3,78
0:10:17,23.3,78
0:10:18,23.3,78
0:10:19,23.3,78
0:10:20,23.3,78
0:10:21,23.3,78
0:10:22,23.3,78
0:10:23,23.3,78
0:10:24,23.3,78
0:10:25,23.3,78
0:10:26,23.3,78
0:10:27,23.3,78
0:10:28,23.3,78
0:10:29,23.3,78
0:10:30,23.3,78
0:10:31,23.3,78
0:10:32,23.3,78
0:10:33,23.3,78
0:10:34,23.3,78
0:10:35,23.3,78
0:10:36,23.3,78
0:10:37,23.3,78
0:10:39,23.3,78
0:10:40,23.3,78
0:10:41,23.3,78
0:10:42,23.3,78
0:10:43,23.3,78
0:10:44,23.3,78
0:10:45,23.3,78
0:10:46,23.3,78
0:10:47,23.3,78
0:10:48,23.3,78
0:10:49,23.3,78
0:10:50,23.3,78
0:10:51,23.3,78
0:10:52,23.3,78
0:10:53,23.3,78
0:10:54,23.3,78
0:10:55,23.3,78
0:10:56,23.3,78
0:10:57,23.3,78
0:10:58,23.3,78
0:10:59,23.3,78
0:11:0,23.3,78
0:11:1,23.3,78
0:11:3,23.3,78
0:11:4,23.3,78
0:11:5,23.3,78
0:11:6,23.3,78
0:11:7,23.3,78
0:11:8,23.3,78
0:11:9,23.3,78
0:11:10,23.3,78
0:11:11,23.3,78
0:11:12,23.3,78
0:11:13,23.3,78
0:11:14,23.3,78
0:11:15,23.3,78
0:11:16,23.3,78
0:11:17,23.3,78
0:11:18,23.3,78
0:11:19,23.3,78
0:11:20,23.3,78
0:11:21,23.3,78
0:11:22,23.3,78
0:11:23,23.3,78
0:11:24,23.3,78
0:11:25,23.3,78
0:11:27,23.3,78
0:11:28,23.3,78
0:11:29,23.3,78
0:11:30,23.3,78
0:11:31,23.3,78
0:11:32,23.3,78
0:11:33,23.3,78
0:11:34,23.3,78
0:11:35,23.3,78
0:11:36,23.3,78
0:11:37,23.3,78
0:11:38,23.3,78
0:11:39,23.3,78
0:11:40,23.3,78
0:11:41,23.3,78
0:11:42,23.3,78
0:11:43,23.3,78
0:11:44,23.3,78
0:11:45,23.3,78
0:11:46,23.3,78
0:11:47,23.3,78
0:11:48,23.3,78
0:11:49,23.3,78
0:11:50,23.3,78
0:11:52,23.3,78
0:11:53,23.4,78
0:11:54,23.4,78
0:11:55,23.4,78
0:11:56,23.4,78
0:11:57,23.4,78
0:11:58,23.4,78
0:11:59,23.3,78
0:12:0,23.3,78
0:12:1,23.4,78
0:12:2,23.4,78
0:12:3,23.4,78
0:12:4,23.4,78
0:12:5,23.4,78
0:12:6,23.4,78
0:12:7,23.4,78
0:12:8,23.4,78
0:12:9,23.3,78
0:12:10,23.3,78
0:12:11,23.3,78
0:12:12,23.3,78
0:12:13,23.4,77
0:12:15,23.4,77
0:12:16,23.4,78
0:12:17,23.4,78
0:12:18,23.3,78
0:12:19,23.3,78
0:12:20,23.4,78
0:12:21,23.4,78
0:12:22,23.3,78
0:12:23,23.3,78
0:12:24,23.4,78
0:12:25,23.4,78
0:12:26,23.4,78
0:12:27,23.4,78
0:12:28,23.3,78
0:12:29,23.3,78
0:12:30,23.4,78
0:12:31,23.4,78
0:12:32,23.3,78
0:12:33,23.3,78
0:12:34,23.4,78
0:12:35,23.4,78
0:12:36,23.3,78
0:12:37,23.3,78
0:12:38,23.3,78
0:12:40,23.3,78
0:12:41,23.4,78
0:12:42,23.4,78
0:12:43,23.3,78
0:12:44,23.3,78
0:12:45,23.4,78
0:12:46,23.4,78
0:12:47,23.4,78
0:12:48,23.4,78
0:12:49,23.4,77
0:12:50,23.4,77
0:12:51,23.3,78
0:12:52,23.3,78
0:12:53,23.3,77
0:12:54,23.3,77
0:12:55,23.3,78
0:12:56,23.3,78
0:12:57,23.4,77
0:12:58,23.4,77
0:12:59,23.4,78
0:13:0,23.4,78
0:13:1,23.3,77
0:13:2,23.3,77
0:13:4,23.3,77
0:13:5,23.3,77
0:13:6,23.3,78
0:13:7,23.3,78
0:13:8,23.3,77
0:13:9,23.3,77
0:13:10,23.4,78
0:13:11,23.4,78
0:13:12,23.3,77
0:13:13,23.3,77
0:13:14,23.3,77
0:13:15,23.3,77
0:13:16,23.4,78
0:13:17,23.4,78
0:13:18,23.3,77
0:13:19,23.3,77
0:13:20,23.4,77
0:13:21,23.4,77
0:13:22,23.4,78
0:13:23,23.4,78
0:13:24,23.4,77
0:13:25,23.4,77
0:13:26,23.4,77
0:13:28,23.4,77
0:13:29,23.4,77
0:13:30,23.4,77
0:13:31,23.4,77
0:13:32,23.4,77
0:13:33,23.4,77
0:13:34,23.4,77
0:13:35,23.4,77
0:13:36,23.4,77
0:13:37,23.4,77
0:13:38,23.4,77
0:13:39,23.4,77
0:13:40,23.4,77
0:13:41,23.4,77
0:13:42,23.4,77
0:13:43,23.4,77
0:13:44,23.4,77
0:13:45,23.4,77
0:13:46,23.4,77
0:13:47,23.4,77
0:13:48,23.4,77
0:13:49,23.4,77
0:13:50,23.4,77
0:13:51,23.4,77
0:13:53,23.4,77
0:13:54,23.4,77
0:13:55,23.4,77
0:13:56,23.4,77
0:13:57,23.4,77
0:13:58,23.4,77
0:13:59,23.4,77
0:14:0,23.4,77
0:14:1,23.4,77
0:14:2,23.4,77
0:14:3,23.4,77
0:14:4,23.4,77
0:14:5,23.4,77
0:14:6,23.4,77
0:14:7,23.4,77
0:14:8,23.4,77
0:14:9,23.4,77
0:14:10,23.4,77
0:14:11,23.4,77
0:14:12,23.4,77
0:14:13,23.4,77
0:14:14,23.4,77
0:14:16,23.4,77
0:14:17,23.4,77
0:14:18,23.4,77
0:14:19,23.4,77
0:14:20,23.4,77
0:14:21,23.4,77
0:14:22,23.4,77
0:14:23,23.4,77
0:14:24,23.4,77
0:14:25,23.4,77
0:14:26,23.4,77
0:14:27,23.4,77
0:14:28,23.4,77
0:14:29,23.4,77
0:14:30,23.4,77
0:14:31,23.4,77
0:14:32,23.4,77
0:14:33,23.4,77
0:14:34,23.4,77
0:14:35,23.4,77
0:14:36,23.4,77
0:14:37,23.4,77
0:14:38,23.4,77
0:14:39,23.4,77
0:14:41,23.4,77
0:14:42,23.4,77
0:14:43,23.4,77
0:14:44,23.4,77
0:14:45,23.4,77
0:14:46,23.4,77
0:14:47,23.4,77
0:14:48,23.4,77
0:14:49,23.4,77
0:14:50,23.4,77
0:14:51,23.4,77
0:14:52,23.4,77
0:14:53,23.4,77
0:14:54,23.4,77
0:14:55,23.4,77
0:14:56,23.4,77
0:14:57,23.4,77
0:14:58,23.4,77
0:14:59,23.4,77
0:15:0,23.4,77
0:15:1,23.4,77
0:15:2,23.4,77
0:15:3,23.4,77
0:15:5,23.4,77
0:15:6,23.4,77
0:15:7,23.4,77
0:15:8,23.4,77
0:15:9,23.4,77
0:15:10,23.4,77
0:15:11,23.4,77
0:15:12,23.4,77
0:15:13,23.4,77
0:15:14,23.4,77
0:15:15,23.4,77
0:15:16,23.4,77
0:15:17,23.4,77
0:15:18,23.4,77
0:15:19,23.4,77
0:15:20,23.4,77
0:15:21,23.4,77
0:15:22,23.4,77
0:15:23,23.4,77
0:15:24,23.4,77
0:15:25,23.4,77
0:15:26,23.4,77
0:15:27,23.4,77
0:15:29,23.4,77
0:15:30,23.4,77
0:15:31,23.4,77
0:15:32,23.4,77
0:15:33,23.4,77
0:15:34,23.4,77
0:15:35,23.4,77
0:15:36,23.4,77
0:15:37,23.4,77
0:15:38,23.4,77
0:15:39,23.4,77
0:15:40,23.4,77
0:15:41,23.4,77
0:15:42,23.4,77
0:15:43,23.4,77
0:15:44,23.4,77
0:15:45,23.4,77
0:15:46,23.4,77
0:15:47,23.4,77
0:15:48,23.4,77
0:15:49,23.4,77
0:15:50,23.4,77
0:15:51,23.4,77
0:15:53,23.4,77
0:15:54,23.4,77
0:15:55,23.4,77
0:15:56,23.4,77
0:15:57,23.4,77
0:15:58,23.4,77
0:15:59,23.4,77
0:16:0,23.4,77
0:16:1,23.4,77
0:16:2,23.4,77
0:16:3,23.4,77
0:16:4,23.4,77
0:16:5,23.4,77
0:16:6,23.4,77
0:16:7,23.4,77
0:16:8,23.4,77
0:16:9,23.4,77
0:16:10,23.4,77
0:16:11,23.4,77
0:16:12,23.4,77
0:16:13,23.4,77
0:16:14,23.4,77
0:16:15,23.4,77
0:16:17,23.4,77
0:16:18,23.4,77
0:16:19,23.4,77
0:16:20,23.4,77
0:16:21,23.4,77
0:16:22,23.4,77
0:16:23,23.4,77
0:16:24,23.4,77
0:16:25,23.4,77
0:16:26,23.4,77
0:16:27,23.4,77
0:16:28,23.4,77
0:16:29,23.4,77
0:16:30,23.4,77
0:16:31,23.4,77
0:16:32,23.4,77
0:16:33,23.4,77
0:16:34,23.4,77
0:16:35,23.4,77
0:16:36,23.4,77
0:16:37,23.4,77
0:16:38,23.4,77
0:16:39,23.4,77
0:16:40,23.4,77
0:16:42,23.4,77
0:16:43,23.4,77
0:16:44,23.4,77
0:16:45,23.4,77
0:16:46,23.4,77
0:16:47,23.4,77
0:16:48,23.4,77
0:16:49,23.4,77
0:16:50,23.4,77
0:16:51,23.4,77
0:16:52,23.4,77
0:16:53,23.4,77
0:16:54,23.4,77
0:16:55,23.4,77
0:16:56,23.4,77
0:16:57,23.4,77
0:16:58,23.4,77
0:16:59,23.4,77
0:17:0,23.4,77
0:17:1,23.4,77
0:17:2,23.4,77
0:17:3,23.4,77
0:17:4,23.4,77
0:17:6,23.4,77
0:17:7,23.4,77
0:17:8,23.4,77
0:17:9,23.4,77
0:17:10,23.4,77
0:17:11,23.4,77
0:17:12,23.4,77
0:17:13,23.4,77
0:17:14,23.4,77
0:17:15,23.4,77
0:17:16,23.4,77
0:17:17,23.4,77
0:17:18,23.4,77
0:17:19,23.4,77
0:17:20,23.4,77
0:17:21,23.4,77
0:17:22,23.4,77
0:17:23,23.4,77
0:17:24,23.4,77
0:17:25,23.4,77
0:17:26,23.4,77
0:17:27,23.4,77
0:17:28,23.4,77
0:17:30,23.4,77
0:17:31,23.4,77
0:17:32,23.4,77
0:17:33,23.5,77
0:17:34,23.5,77
0:17:35,23.5,77
0:17:36,23.5,77
0:17:37,23.4,77
0:17:38,23.4,77
0:17:39,23.5,77
0:17:40,23.5,77
0:17:41,23.4,77
0:17:42,23.4,77
0:17:43,23.4,77
0:17:44,23.4,77
0:17:45,23.4,77
0:17:46,23.4,77
0:17:47,23.4,77
0:17:48,23.4,77
0:17:49,23.4,77
0:17:50,23.4,77
0:17:51,23.4,77
0:17:52,23.4,77
0:17:54,23.4,77
0:17:55,23.4,77
0:17:56,23.4,77
0:17:57,23.4,77
0:17:58,23.4,77
0:17:59,23.4,77
0:18:0,23.4,77
0:18:1,23.4,77
0:18:2,23.4,77
0:18:3,23.4,77
0:18:4,23.4,77
0:18:5,23.4,77
0:18:6,23.4,77
0:18:7,23.4,77
0:18:8,23.4,77
0:18:9,23.4,77
0:18:10,23.4,77
0:18:11,23.4,77
0:18:12,23.4,77
0:18:13,23.4,77
0:18:14,23.4,77
0:18:15,23.4,77
0:18:16,23.4,77
0:18:17,23.4,77
0:18:19,23.4,77
0:18:20,23.4,77
0:18:21,23.5,77
0:18:22,23.5,77
0:18:23,23.4,77
0:18:24,23.4,77
0:18:25,23.4,77
0:18:26,23.4,77
0:18:27,23.4,77
0:18:28,23.4,77
0:18:29,23.5,77
0:18:30,23.5,77
0:18:31,23.5,77
0:18:32,23.5,77
0:18:33,23.4,77
0:18:34,23.4,77
0:18:35,23.4,77
0:18:36,23.4,77
0:18:37,23.4,77
0:18:38,23.4,77
0:18:39,23.4,77
0:18:40,23.4,77
0:18:41,23.4,77
0:18:43,23.4,77
0:18:44,23.4,77
0:18:45,23.4,77
0:18:46,23.4,77
0:18:47,23.4,77
0:18:48,23.4,77
0:18:49,23.4,77
0:18:50,23.4,77
0:18:51,23.4,77
0:18:52,23.4,77
0:18:53,23.4,77
0:18:54,23.5,77
0:18:55,23.5,77
0:18:56,23.4,77
0:18:57,23.4,77
0:18:58,23.5,77
0:18:59,23.5,77
0:19:0,23.4,77
0:19:1,23.4,77
0:19:2,23.5,77
0:19:3,23.5,77
0:19:4,23.5,77
0:19:5,23.5,77
0:19:7,23.5,77
0:19:8,23.5,77
0:19:9,23.5,77
0:19:10,23.5,77
0:19:11,23.5,77
0:19:12,23.5,77
0:19:13,23.5,77
0:19:14,23.5,77
0:19:15,23.5,77
0:19:16,23.5,77
0:19:17,23.5,77
0:19:18,23.5,77
0:19:19,23.5,77
0:19:20,23.5,77
0:19:21,23.5,77
0:19:22,23.5,77
0:19:23,23.5,77
0:19:24,23.5,77
0:19:25,23.5,77
0:19:26,23.5,77
0:19:27,23.5,77
0:19:28,23.5,77
0:19:29,23.5,77
0:19:31,23.5,77
0:19:32,23.5,77
0:19:33,23.5,77
0:19:34,23.5,77
0:19:35,23.5,77
0:19:36,23.5,77
0:19:37,23.5,77
0:19:38,23.5,77
0:19:39,23.5,77
0:19:40,23.5,77
0:19:41,23.5,77
0:19:42,23.5,77
0:19:43,23.5,77
0:19:44,23.5,77
0:19:45,23.5,77
0:19:46,23.5,77
0:19:47,23.5,77
0:19:48,23.5,77
0:19:49,23.5,77
0:19:50,23.5,77
0:19:51,23.5,77
0:19:52,23.5,77
0:19:53,23.5,77
0:19:54,23.5,77
0:19:56,23.5,77
0:19:57,23.5,77
0:19:58,23.5,77
0:19:59,23.5,77
0:20:0,23.5,77
0:20:1,23.5,77
0:20:2,23.5,77
0:20:3,23.5,77
0:20:4,23.5,77
0:20:5,23.5,77
0:20:6,23.5,77
0:20:7,23.5,77
0:20:8,23.5,77
0:20:9,23.5,77
0:20:10,23.5,77
0:20:11,23.5,77
0:20:12,23.5,77
0:20:13,23.5,77
0:20:14,23.5,77
0:20:15,23.5,77
0:20:16,23.5,77
0:20:17,23.5,77
0:20:19,23.5,77
0:20:20,23.5,77
0:20:21,23.5,77
0:20:22,23.5,77
0:20:23,23.5,77
0:20:24,23.5,77
0:20:25,23.5,77
0:20:26,23.5,77
0:20:27,23.5,77
0:20:28,23.5,77
0:20:29,23.5,77
0:20:30,23.5,77
0:20:31,23.5,77
0:20:32,23.5,77
0:20:33,23.5,77
0:20:34,23.5,77
0:20:35,23.5,77
0:20:36,23.5,77
0:20:37,23.5,77
0:20:38,23.5,77
0:20:39,23.5,77
0:20:40,23.5,77
0:20:41,23.5,77
0:20:42,23.5,77
0:20:44,23.5,77
0:20:45,23.5,77
0:20:46,23.5,77
0:20:47,23.5,77
0:20:48,23.5,77
0:20:49,23.5,77
0:20:50,23.5,77
0:20:51,23.5,77
0:20:52,23.5,77
0:20:53,23.5,77
0:20:54,23.5,77
0:20:55,23.5,77
0:20:56,23.5,77
0:20:57,23.5,77
0:20:58,23.5,77
0:20:59,23.5,77
0:21:0,23.5,77
0:21:1,23.5,77
0:21:2,23.5,77
0:21:3,23.5,77
0:21:4,23.5,77
0:21:5,23.5,77
0:21:6,23.5,77
0:21:8,23.5,77
0:21:9,23.5,77
0:21:10,23.5,77
0:21:11,23.5,77
0:21:12,23.5,77
0:21:13,23.5,77
0:21:14,23.5,77
0:21:15,23.5,77
0:21:16,23.5,77
0:21:17,23.5,77
0:21:18,23.5,77
0:21:19,23.5,77
0:21:20,23.5,77
0:21:21,23.5,77
0:21:22,23.5,77
0:21:23,23.5,77
0:21:24,23.5,77
0:21:25,23.5,77
0:21:26,23.5,77
0:21:27,23.5,77
0:21:28,23.5,77
0:21:29,23.5,77
0:21:30,23.5,77
0:21:32,23.5,77
0:21:33,23.5,77
0:21:34,23.5,77
0:21:35,23.5,76
0:21:36,23.5,76
0:21:37,23.5,77
0:21:38,23.5,77
0:21:39,23.5,77
0:21:40,23.5,77
0:21:41,23.5,77
0:21:42,23.5,77
0:21:43,23.5,77
0:21:44,23.5,77
0:21:45,23.5,76
0:21:46,23.5,76
0:21:47,23.5,76
0:21:48,23.5,76
0:21:49,23.5,77
0:21:50,23.5,77
0:21:51,23.5,77
0:21:52,23.5,77
0:21:53,23.5,76
0:21:54,23.5,76
0:21:56,23.5,76
0:21:57,23.5,76
0:21:58,23.5,77
0:21:59,23.5,77
0:22:0,23.5,76
0:22:1,23.5,76
0:22:2,23.5,77
0:22:3,23.5,77
0:22:4,23.5,77
0:22:5,23.5,77
0:22:6,23.5,76
0:22:7,23.5,76
0:22:8,23.5,76
0:22:9,23.5,76
0:22:10,23.5,77
0:22:11,23.5,77
0:22:12,23.5,76
0:22:13,23.5,76
0:22:14,23.5,77
0:22:15,23.5,77
0:22:16,23.5,76
0:22:17,23.5,76
0:22:18,23.5,76
0:22:20,23.5,76
0:22:21,23.5,76
0:22:22,23.5,76
0:22:23,23.5,76
0:22:24,23.5,76
0:22:25,23.5,76
0:22:26,23.5,76
0:22:27,23.5,76
0:22:28,23.5,76
0:22:29,23.5,77
0:22:30,23.5,77
0:22:31,23.5,76
0:22:32,23.5,76
0:22:33,23.5,76
0:22:34,23.5,76
0:22:35,23.5,76
0:22:36,23.5,76
0:22:37,23.5,77
0:22:38,23.5,77
0:22:39,23.5,76
0:22:40,23.5,76
0:22:41,23.5,77
0:22:42,23.5,77
0:22:43,23.5,76
0:22:45,23.5,76
0:22:46,23.5,76
0:22:47,23.5,76
0:22:48,23.5,77
0:22:49,23.5,77
0:22:50,23.5,76
0:22:51,23.5,76
0:22:52,23.5,76
0:22:53,23.5,76
0:22:54,23.5,76
0:22:55,23.5,76
0:22:56,23.5,76
0:22:57,23.5,76
0:22:58,23.5,76
0:22:59,23.5,76
0:23:0,23.5,76
0:23:1,23.5,76
0:23:2,23.5,76
0:23:3,23.5,76
0:23:4,23.5,76
0:23:5,23.5,76
0:23:6,23.5,77
0:23:7,23.5,77
0:23:9,23.5,76
0:23:10,23.5,76
0:23:11,23.5,77
0:23:12,23.5,77
0:23:13,23.5,77
0:23:14,23.5,77
0:23:15,23.5,76
0:23:16,23.5,76
0:23:17,23.5,76
0:23:18,23.5,76
0:23:19,23.5,76
0:23:20,23.5,76
0:23:21,23.5,76
0:23:22,23.5,76
0:23:23,23.5,76
0:23:24,23.5,76
0:23:25,23.5,76
0:23:26,23.5,76
0:23:27,23.5,76
0:23:28,23.5,76
0:23:29,23.5,76
0:23:30,23.5,76
0:23:31,23.5,76
0:23:33,23.5,76
0:23:34,23.5,76
0:23:35,23.5,76
0:23:36,23.5,76
0:23:37,23.5,76
0:23:38,23.5,76
0:23:39,23.5,76
0:23:40,23.5,76
0:23:41,23.5,76
0:23:42,23.5,76
0:23:43,23.5,76
0:23:44,23.5,76
0:23:45,23.5,76
0:23:46,23.5,76
0:23:47,23.5,76
0:23:48,23.5,76
0:23:49,23.5,76
0:23:50,23.5,76
0:23:51,23.5,76
0:23:52,23.5,76
0:23:53,23.5,76
0:23:54,23.5,76
0:23:55,23.5,76
0:23:56,23.5,76
0:23:58,23.5,76
0:23:59,23.5,76
0:24:0,23.5,76
0:24:1,23.5,76
0:24:2,23.5,76
0:24:3,23.5,76
0:24:4,23.5,76
0:24:5,23.5,76
0:24:6,23.5,76
0:24:7,23.5,76
0:24:8,23.5,76
0:24:9,23.5,76
0:24:10,23.5,76
0:24:11,23.6,76
0:24:12,23.6,76
0:24:13,23.5,76
0:24:14,23.5,76
0:24:15,23.5,76
0:24:16,23.5,76
0:24:17,23.5,77
0:24:18,23.5,77
0:24:19,23.5,76
0:24:20,23.5,76
0:24:22,23.5,76
0:24:23,23.5,76
0:24:24,23.5,76
0:24:25,23.5,76
0:24:26,23.5,76
0:24:27,23.5,76
0:24:28,23.5,76
0:24:29,23.5,76
0:24:30,23.5,76
0:24:31,23.5,76
0:24:32,23.5,76
0:24:33,23.5,76
0:24:34,23.5,76
0:24:35,23.5,76
0:24:36,23.5,76
0:24:37,23.5,76
0:24:38,23.5,76
0:24:39,23.5,76
0:24:40,23.5,76
0:24:41,23.5,76
0:24:42,23.5,76
0:24:43,23.5,76
0:24:44,23.5,77
0:24:45,23.5,77
0:24:47,23.5,76
0:24:48,23.5,76
0:24:49,23.6,76
0:24:50,23.6,76
0:24:51,23.5,76
0:24:52,23.5,76
0:24:53,23.6,76
0:24:54,23.6,76
0:24:55,23.6,76
0:24:56,23.6,76
0:24:57,23.5,76
0:24:58,23.5,76
0:24:59,23.6,77
0:25:0,23.6,77
0:25:1,23.6,76
0:25:2,23.6,76
0:25:3,23.6,76
0:25:4,23.6,76
0:25:5,23.6,76
0:25:6,23.6,76
0:25:7,23.6,76
0:25:8,23.6,76
0:25:9,23.6,76
0:25:11,23.6,76
0:25:12,23.6,76
0:25:13,23.6,76
0:25:14,23.6,76
0:25:15,23.6,76
0:25:16,23.6,76
0:25:17,23.6,76
0:25:18,23.6,76
0:25:19,23.6,76
0:25:20,23.6,76
0:25:21,23.6,76
0:25:22,23.6,76
0:25:23,23.6,76
0:25:24,23.6,76
0:25:25,23.6,76
0:25:26,23.6,76
0:25:27,23.6,76
0:25:28,23.6,76
0:25:29,23.6,76
0:25:30,23.6,76
0:25:31,23.6,76
0:25:32,23.6,76
0:25:33,23.6,76
0:25:35,23.6,76
0:25:36,23.6,76
0:25:37,23.5,76
0:25:38,23.5,76
0:25:39,23.6,76
0:25:40,23.6,76
0:25:41,23.6,76
0:25:42,23.6,76
0:25:43,23.6,76
0:25:44,23.6,76
0:25:45,23.6,76
0:25:46,23.6,76
0:25:47,23.5,76
0:25:48,23.5,76
0:25:49,23.6,76
0:25:50,23.6,76
0:25:51,23.6,76
0:25:52,23.6,76
0:25:53,23.6,76
0:25:54,23.6,76
0:25:55,23.6,76
0:25:56,23.6,76
0:25:57,23.6,76
0:25:59,23.6,76
0:26:0,23.6,76
0:26:1,23.6,76
0:26:2,23.6,76
0:26:3,23.6,76
0:26:4,23.6,76
0:26:5,23.6,76
0:26:6,23.6,76
0:26:7,23.6,76
0:26:8,23.6,76
0:26:9,23.6,76
0:26:10,23.6,76
0:26:11,23.6,76
0:26:12,23.6,76
0:26:13,23.6,76
0:26:14,23.6,76
0:26:15,23.6,76
0:26:16,23.6,76
0:26:17,23.6,76
0:26:18,23.6,76
0:26:19,23.6,76
0:26:20,23.6,76
0:26:21,23.6,76
0:26:22,23.6,76
0:26:24,23.6,76
0:26:25,23.6,76
0:26:26,23.6,76
0:26:27,23.6,76
0:26:28,23.6,76
0:26:29,23.6,76
0:26:30,23.6,76
0:26:31,23.6,76
0:26:32,23.6,76
0:26:33,23.6,76
0:26:34,23.6,76
0:26:35,23.6,76
0:26:36,23.6,76
0:26:37,23.6,76
0:26:38,23.6,76
0:26:39,23.6,76
0:26:40,23.6,76
0:26:41,23.6,76
0:26:42,23.6,76
0:26:43,23.6,76
0:26:44,23.6,76
0:26:45,23.6,76
0:26:46,23.6,76
0:26:48,23.6,76
0:26:49,23.6,76
0:26:50,23.6,76
0:26:51,23.6,76
0:26:52,23.6,76
0:26:53,23.6,76
0:26:54,23.6,76
0:26:55,23.6,76
0:26:56,23.6,76
0:26:57,23.6,76
0:26:58,23.6,76
0:26:59,23.6,76
0:27:0,23.6,76
0:27:1,23.6,76
0:27:2,23.5,76
0:27:3,23.5,76
0:27:4,23.6,76
0:27:5,23.6,76
0:27:6,23.6,76
0:27:7,23.6,76
0:27:8,23.6,76
0:27:9,23.6,76
0:27:10,23.6,76
0:27:12,23.6,76
0:27:13,23.6,76
0:27:14,23.6,76
0:27:15,23.6,76
0:27:16,23.6,76
0:27:17,23.6,76
0:27:18,23.6,76
0:27:19,23.6,76
0:27:20,23.6,76
0:27:21,23.5,76
0:27:22,23.5,76
0:27:23,23.6,76
0:27:24,23.6,76
0:27:25,23.6,76
0:27:26,23.6,76
0:27:27,23.6,76
0:27:28,23.6,76
0:27:29,23.6,76
0:27:30,23.6,76
0:27:31,23.5,76
0:27:32,23.5,76
0:27:33,23.6,76
0:27:34,23.6,76
0:27:36,23.5,76
0:27:37,23.5,76
0:27:38,23.6,76
0:27:39,23.6,76
0:27:40,23.6,76
0:27:41,23.6,76
0:27:42,23.6,76
0:27:43,23.6,76
0:27:44,23.6,76
0:27:45,23.6,76
0:27:46,23.5,76
0:27:47,23.5,76
0:27:48,23.6,76
0:27:49,23.6,76
0:27:50,23.6,76
0:27:51,23.6,76
0:27:52,23.6,76
0:27:53,23.6,76
0:27:54,23.6,76
0:27:55,23.6,76
0:27:56,23.6,76
0:27:57,23.6,76
0:27:58,23.6,76
0:28:0,23.6,76
0:28:1,23.5,76
0:28:2,23.5,76
0:28:3,23.5,76
0:28:4,23.5,76
0:28:5,23.5,76
0:28:6,23.5,76
0:28:7,23.6,76
0:28:8,23.6,76
0:28:9,23.6,76
0:28:10,23.6,76
0:28:11,23.5,76
0:28:12,23.5,76
0:28:13,23.5,76
0:28:14,23.5,76
0:28:15,23.6,76
0:28:16,23.6,76
0:28:17,23.5,76
0:28:18,23.5,76
0:28:19,23.6,76
0:28:20,23.6,76
0:28:21,23.6,76
0:28:22,23.6,76
0:28:24,23.5,76
0:28:25,23.5,76
0:28:26,23.5,76
0:28:27,23.5,76
0:28:28,23.6,76
0:28:29,23.6,76
0:28:30,23.5,76
0:28:31,23.5,76
0:28:32,23.5,76
0:28:33,23.5,76
0:28:34,23.5,76
0:28:35,23.5,76
0:28:36,23.6,76
0:28:37,23.6,76
0:28:38,23.5,76
0:28:39,23.5,76
0:28:40,23.6,76
0:28:41,23.6,76
0:28:42,23.6,76
0:28:43,23.6,76
0:28:44,23.6,76
0:28:45,23.6,76
0:28:46,23.6,76
0:28:48,23.6,76
0:28:49,23.6,76
0:28:50,23.6,76
0:28:51,23.5,76
0:28:52,23.5,76
0:28:53,23.5,76
0:28:54,23.5,76
0:28:55,23.5,76
0:28:56,23.5,76
0:28:57,23.6,76
0:28:58,23.6,76
0:28:59,23.5,76
0:29:0,23.5,76
0:29:1,23.6,76
0:29:2,23.6,76
0:29:3,23.5,76
0:29:4,23.5,76
0:29:5,23.6,76
0:29:6,23.6,76
0:29:7,23.5,76
0:29:8,23.5,76
0:29:9,23.6,76
0:29:10,23.6,76
0:29:11,23.5,76
0:29:13,23.5,76
0:29:14,23.5,76
0:29:15,23.5,76
0:29:16,23.6,76
0:29:17,23.6,76
0:29:18,23.5,76
0:29:19,23.5,76
0:29:20,23.5,76
0:29:21,23.5,76
0:29:22,23.5,76
0:29:23,23.5,76
0:29:24,23.5,76
0:29:25,23.5,76
0:29:26,23.5,76
0:29:27,23.5,76
0:29:28,23.5,76
0:29:29,23.5,76
0:29:30,23.6,76
0:29:31,23.6,76
0:29:32,23.5,76
0:29:33,23.5,76
0:29:34,23.5,76
0:29:35,23.5,76
0:29:37,23.6,76
0:29:38,23.6,76
0:29:39,23.5,76
0:29:40,23.5,76
0:29:41,23.5,76
0:29:42,23.5,76
0:29:43,23.5,76
0:29:44,23.5,76
0:29:45,23.5,76
0:29:46,23.5,76
0:29:47,23.5,76
0:29:48,23.5,76
0:29:49,23.5,76
0:29:50,23.5,76
0:29:51,23.5,76
0:29:52,23.5,76
0:29:53,23.5,76
0:29:54,23.5,76
0:29:55,23.6,76
0:29:56,23.6,76
0:29:57,23.6,76
0:29:58,23.6,76
0:29:59,23.6,76
0:30:1,23.6,76
0:30:2,23.6,76
0:30:3,23.6,76
0:30:4,23.6,76
0:30:5,23.6,76
0:30:6,23.6,76
0:30:7,23.6,76
0:30:8,23.6,76
0:30:9,23.6,76
0:30:10,23.6,76
0:30:11,23.6,76
0:30:12,23.6,76
0:30:13,23.6,76
0:30:14,23.6,76
0:30:15,23.6,76
0:30:16,23.6,76
0:30:17,23.6,76
0:30:18,23.6,76
0:30:19,23.6,76
0:30:20,23.6,76
0:30:21,23.6,76
0:30:22,23.6,76
0:30:23,23.6,76
0:30:24,23.6,76
0:30:26,23.6,76
0:30:27,23.6,76
0:30:28,23.6,76
0:30:29,23.6,76
0:30:30,23.6,76
0:30:31,23.6,76
0:30:32,23.6,76
0:30:33,23.6,76
0:30:34,23.6,76
0:30:35,23.6,76
0:30:36,23.6,76
0:30:37,23.6,76
0:30:38,23.6,76
0:30:39,23.6,76
0:30:40,23.6,76
0:30:41,23.6,76
0:30:42,23.6,76
0:30:43,23.6,76
0:30:44,23.6,76
0:30:45,23.6,76
0:30:46,23.6,76
0:30:47,23.6,76
0:30:49,23.6,76
0:30:50,23.6,76
0:30:51,23.6,76
0:30:52,23.6,76
0:30:53,23.6,76
0:30:54,23.6,76
0:30:55,23.6,76
0:30:56,23.6,76
0:30:57,23.6,76
0:30:58,23.6,76
0:30:59,23.6,76
0:31:0,23.6,76
0:31:1,23.6,76
0:31:2,23.6,76
0:31:3,23.6,76
0:31:4,23.6,76
0:31:5,23.6,76
0:31:6,23.6,76
0:31:7,23.6,76
0:31:8,23.6,76
0:31:9,23.6,76
0:31:10,23.6,76
0:31:11,23.6,76
0:31:12,23.6,76
0:31:14,23.6,76
0:31:15,23.6,76
0:31:16,23.6,76
0:31:17,23.6,76
0:31:18,23.6,76
0:31:19,23.6,76
0:31:20,23.6,76
0:31:21,23.6,76
0:31:22,23.6,76
0:31:23,23.6,76
0:31:24,23.6,76
0:31:25,23.6,76
0:31:26,23.6,76
0:31:27,23.6,76
0:31:28,23.6,76
0:31:29,23.6,76
0:31:30,23.6,76
0:31:31,23.6,76
0:31:32,23.6,76
0:31:33,23.6,76
0:31:34,23.6,76
0:31:35,23.6,76
0:31:37,23.6,76
0:31:38,23.6,76
0:31:39,23.6,76
0:31:40,23.6,76
0:31:41,23.6,76
0:31:42,23.6,76
0:31:43,23.6,76
0:31:44,23.6,76
0:31:45,23.6,76
0:31:46,23.6,76
0:31:47,23.6,76
0:31:48,23.6,76
0:31:49,23.6,76
0:31:50,23.6,76
0:31:51,23.6,76
0:31:52,23.6,76
0:31:53,23.6,76
0:31:54,23.6,76
0:31:55,23.6,76
0:31:56,23.6,77
0:31:57,23.6,77
0:31:58,23.6,76
0:31:59,23.6,76
0:32:0,23.6,77
0:32:2,23.6,77
0:32:3,23.6,77
0:32:4,23.6,77
0:32:5,23.6,77
0:32:6,23.6,77
0:32:7,23.6,77
0:32:8,23.6,77
0:32:9,23.6,77
0:32:10,23.6,77
0:32:11,23.6,77
0:32:12,23.6,77
0:32:13,23.6,77
0:32:14,23.6,77
0:32:15,23.6,77
0:32:16,23.6,77
0:32:17,23.6,77
0:32:18,23.6,77
0:32:19,23.6,77
0:32:20,23.6,77
0:32:21,23.6,77
0:32:22,23.6,77
0:32:23,23.6,77
0:32:24,23.6,77
0:32:26,23.6,76
0:32:27,23.6,76
0:32:28,23.6,76
0:32:29,23.6,76
0:32:30,23.6,76
0:32:31,23.6,76
0:32:32,23.6,76
0:32:33,23.6,76
0:32:34,23.6,76
0:32:35,23.6,76
0:32:36,23.6,76
0:32:37,23.6,76
0:32:38,23.6,76
0:32:39,23.6,76
0:32:40,23.6,76
0:32:41,23.6,76
0:32:42,23.6,76
0:32:43,23.6,76
0:32:44,23.6,76
0:32:45,23.6,76
0:32:46,23.6,76
0:32:47,23.6,76
0:32:48,23.6,76
0:32:50,23.6,76
0:32:51,23.6,76
0:32:52,23.6,76
0:32:53,23.6,76
0:32:54,23.6,76
0:32:55,23.6,76
0:32:56,23.6,76
0:32:57,23.6,76
0:32:58,23.6,76
0:32:59,23.6,76
0:33:0,23.6,76
0:33:1,23.6,76
0:33:2,23.6,76
0:33:3,23.6,76
0:33:4,23.6,76
0:33:5,23.6,76
0:33:6,23.6,76
0:33:7,23.6,76
0:33:8,23.6,76
0:33:9,23.6,76
0:33:10,23.6,76
0:33:11,23.6,76
0:33:12,23.6,76
0:33:14,23.6,76
0:33:15,23.6,76
0:33:16,23.6,76
0:33:17,23.6,76
0:33:18,23.6,76
0:33:19,23.6,76
0:33:20,23.6,76
0:33:21,23.6,76
0:33:22,23.6,76
0:33:23,23.6,76
0:33:24,23.6,76
0:33:25,23.6,76
0:33:26,23.6,76
0:33:27,23.6,76
0:33:28,23.6,76
0:33:29,23.6,76
0:33:30,23.6,76
0:33:31,23.6,76
0:33:32,23.6,76
0:33:33,23.6,76
0:33:34,23.6,76
0:33:35,23.6,76
0:33:36,23.6,76
0:33:37,23.6,76
0:33:39,23.6,76
0:33:40,23.6,76
0:33:41,23.6,76
0:33:42,23.6,76
0:33:43,23.6,76
0:33:44,23.6,76
0:33:45,23.6,76
0:33:46,23.6,76
0:33:47,23.6,76
0:33:48,23.6,76
0:33:49,23.6,76
0:33:50,23.6,76
0:33:51,23.6,76
0:33:52,23.6,76
0:33:53,23.6,76
0:33:54,23.6,76
0:33:55,23.6,76
0:33:56,23.6,76
0:33:57,23.6,76
0:33:58,23.6,76
0:33:59,23.6,76
0:34:0,23.6,76
0:34:1,23.6,76
0:34:3,23.6,76
0:34:4,23.6,76
0:34:5,23.6,76
0:34:6,23.6,76
0:34:7,23.6,76
0:34:8,23.6,76
0:34:9,23.6,76
0:34:10,23.6,76
0:34:11,23.6,76
0:34:12,23.6,76
0:34:13,23.6,76
0:34:14,23.6,76
0:34:15,23.6,76
0:34:16,23.6,76
0:34:17,23.6,76
0:34:18,23.6,76
0:34:19,23.6,76
0:34:20,23.6,76
0:34:21,23.6,76
0:34:22,23.6,76
0:34:23,23.6,76
0:34:24,23.6,76
0:34:25,23.6,76
0:34:27,23.6,76
0:34:28,23.6,76
0:34:29,23.6,76
0:34:30,23.6,76
0:34:31,23.6,76
0:34:32,23.6,76
0:34:33,23.6,76
0:34:34,23.6,76
0:34:35,23.6,76
0:34:36,23.6,76
0:34:37,23.6,76
0:34:38,23.6,76
0:34:39,23.6,76
0:34:40,23.6,76
0:34:41,23.6,76
0:34:42,23.6,76
0:34:43,23.6,76
0:34:44,23.6,76
0:34:45,23.6,76
0:34:46,23.6,76
0:34:47,23.6,76
0:34:48,23.6,76
0:34:49,23.6,76
0:34:51,23.6,76
0:34:52,23.6,76
0:34:53,23.6,76
0:34:54,23.6,76
0:34:55,23.6,76
0:34:56,23.6,76
0:34:57,23.6,76
0:34:58,23.6,76
0:34:59,23.6,76
0:35:0,23.6,76
0:35:1,23.6,76
0:35:2,23.6,76
0:35:3,23.6,76
0:35:4,23.6,76
0:35:5,23.6,76
0:35:6,23.6,76
0:35:7,23.6,76
0:35:8,23.6,76
0:35:9,23.6,76
0:35:10,23.6,76
0:35:11,23.6,76
0:35:12,23.6,76
0:35:13,23.6,76
0:35:15,23.6,76
0:35:16,23.6,76
0:35:17,23.6,76
0:35:18,23.6,76
0:35:19,23.6,76
0:35:20,23.6,76
0:35:21,23.6,76
0:35:22,23.6,76
0:35:23,23.6,76
0:35:24,23.6,76
0:35:25,23.6,76
0:35:26,23.6,76
0:35:27,23.6,76
0:35:28,23.6,76
0:35:29,23.6,76
0:35:30,23.6,76
0:35:31,23.6,76
0:35:32,23.6,76
0:35:33,23.6,76
0:35:34,23.6,76
0:35:35,23.6,76
0:35:36,23.6,76
0:35:37,23.6,76
0:35:39,23.6,76
0:35:40,23.6,76
0:35:41,23.6,76
0:35:42,23.6,76
0:35:43,23.6,76
0:35:44,23.6,76
0:35:45,23.6,76
0:35:46,23.6,76
0:35:47,23.6,76
0:35:48,23.6,76
0:35:49,23.6,76
0:35:50,23.6,76
0:35:51,23.6,76
0:35:52,23.6,76
0:35:53,23.6,76
0:35:54,23.6,76
0:35:55,23.6,76
0:35:56,23.6,76
0:35:57,23.6,76
0:35:58,23.6,76
0:35:59,23.6,76
0:36:0,23.6,76
0:36:1,23.6,76
0:36:2,23.6,76
0:36:4,23.6,76
0:36:5,23.6,76
0:36:6,23.6,76
0:36:7,23.6,76
0:36:8,23.6,76
0:36:9,23.6,76
0:36:10,23.6,76
0:36:11,23.6,76
0:36:12,23.6,76
0:36:13,23.6,76
0:36:14,23.6,76
0:36:15,23.6,76
0:36:16,23.6,76
0:36:17,23.6,76
0:36:18,23.6,76
0:36:19,23.6,76
0:36:20,23.6,76
0:36:21,23.6,76
0:36:22,23.6,76
0:36:23,23.6,76
0:36:24,23.6,76
0:36:25,23.6,76
0:36:26,23.6,76
0:36:28,23.6,76
0:36:29,23.6,76
0:36:30,23.6,76
0:36:31,23.6,76
0:36:32,23.6,76
0:36:33,23.6,76
0:36:34,23.6,76
0:36:35,23.6,76
0:36:36,23.6,76
0:36:37,23.6,76
0:36:38,23.6,76
0:36:39,23.6,76
0:36:40,23.6,76
0:36:41,23.6,76
0:36:42,23.6,76
0:36:43,23.6,76
0:36:44,23.6,76
0:36:45,23.6,76
0:36:46,23.6,76
0:36:47,23.6,76
0:36:48,23.6,76
0:36:49,23.6,76
0:36:50,23.6,76
0:36:52,23.6,76
0:36:53,23.6,76
0:36:54,23.6,76
0:36:55,23.6,76
0:36:56,23.6,76
0:36:57,23.6,76
0:36:58,23.6,76
0:36:59,23.6,76
0:37:0,23.6,76
0:37:1,23.6,76
0:37:2,23.6,76
0:37:3,23.6,76
0:37:4,23.6,76
0:37:5,23.6,76
0:37:6,23.6,76
0:37:7,23.6,76
0:37:8,23.6,76
0:37:9,23.6,76
0:37:10,23.6,76
0:37:11,23.6,76
0:37:12,23.6,76
0:37:13,23.6,76
0:37:14,23.6,76
0:37:16,23.6,76
0:37:17,23.6,76
0:37:18,23.6,76
0:37:19,23.6,76
0:37:20,23.6,76
0:37:21,23.6,76
0:37:22,23.6,76
0:37:23,23.6,76
0:37:24,23.6,76
0:37:25,23.6,76
0:37:26,23.6,76
0:37:27,23.6,76
0:37:28,23.6,76
0:37:29,23.6,76
0:37:30,23.6,76
0:37:31,23.6,76
0:37:32,23.6,76
0:37:33,23.6,76
0:37:34,23.6,76
0:37:35,23.6,76
0:37:36,23.6,76
0:37:37,23.6,76
0:37:38,23.6,76
0:37:39,23.6,76
0:37:41,23.6,76
0:37:42,23.6,76
0:37:43,23.6,76
0:37:44,23.6,76
0:37:45,23.6,76
0:37:46,23.6,76
0:37:47,23.6,76
0:37:48,23.6,76
0:37:49,23.6,76
0:37:50,23.6,76
0:37:51,23.6,76
0:37:52,23.6,76
0:37:53,23.6,76
0:37:54,23.6,76
0:37:55,23.6,76
0:37:56,23.6,76
0:37:57,23.6,76
0:37:58,23.6,76
0:37:59,23.6,76
0:38:0,23.6,76
0:38:2,23.6,76
0:38:3,23.6,76
0:38:4,23.6,76
0:38:5,23.6,76
0:38:6,23.6,76
0:38:7,23.6,76
0:38:8,23.6,76
0:38:9,23.6,76
0:38:10,23.6,76
0:38:11,23.6,76
0:38:12,23.6,76
0:38:13,23.6,76
0:38:14,23.6,76
0:38:15,23.6,76
0:38:16,23.6,76
0:38:17,23.6,76
0:38:18,23.6,76
0:38:19,23.6,76
0:38:20,23.6,76
0:38:21,23.6,76
0:38:22,23.6,76
0:38:23,23.6,76
0:38:24,23.6,76
0:38:26,23.6,76
0:38:27,23.6,76
0:38:28,23.6,76
0:38:29,23.6,76
0:38:30,23.6,76
0:38:31,23.6,76
0:38:32,23.6,76
0:38:33,23.6,76
0:38:34,23.6,76
0:38:35,23.6,76
0:38:36,23.6,76
0:38:37,23.6,76
0:38:38,23.6,76
0:38:39,23.6,76
0:38:40,23.6,76
0:38:41,23.6,76
0:38:42,23.6,76
0:38:43,23.6,76
0:38:44,23.6,76
0:38:45,23.6,76
0:38:46,23.6,76
0:38:47,23.6,76
0:38:49,23.6,76
0:38:50,23.6,76
0:38:51,23.6,76
0:38:52,23.6,76
0:38:53,23.6,76
0:38:54,23.6,76
0:38:55,23.6,76
0:38:56,23.6,76
0:38:57,23.6,76
0:38:58,23.6,76
0:38:59,23.6,76
0:39:0,23.6,76
0:39:1,23.6,76
0:39:2,23.6,76
0:39:3,23.6,76
0:39:4,23.6,76
0:39:5,23.6,76
0:39:6,23.6,76
0:39:7,23.6,76
0:39:8,23.6,76
0:39:9,23.6,76
0:39:10,23.6,76
0:39:12,23.6,76
0:39:13,23.6,76
0:39:14,23.6,76
0:39:15,23.6,76
0:39:16,23.6,76
0:39:17,23.6,76
0:39:18,23.6,76
0:39:19,23.6,76
0:39:20,23.6,76
0:39:21,23.6,76
0:39:22,23.6,76
0:39:23,23.6,76
0:39:24,23.6,76
0:39:25,23.6,76
0:39:26,23.6,76
0:39:27,23.6,76
0:39:28,23.6,76
0:39:29,23.6,76
0:39:30,23.6,76
0:39:31,23.6,76
0:39:32,23.6,76
0:39:33,23.6,76
0:39:35,23.6,76
0:39:36,23.6,76
0:39:37,23.6,76
0:39:38,23.6,76
0:39:39,23.6,76
0:39:40,23.6,76
0:39:41,23.6,76
0:39:42,23.6,76
0:39:43,23.6,76
0:39:44,23.6,76
0:39:45,23.6,76
0:39:46,23.6,76
0:39:47,23.6,76
0:39:48,23.6,76
0:39:49,23.6,76
0:39:50,23.6,76
0:39:51,23.6,76
0:39:52,23.6,76
0:39:53,23.6,76
0:39:54,23.6,76
0:39:55,23.6,76
0:39:56,23.6,76
0:39:58,23.6,76
0:39:59,23.6,76
0:40:0,23.6,76
0:40:1,23.6,76
0:40:2,23.6,76
0:40:3,23.6,76
0:40:4,23.6,76
0:40:5,23.6,76
0:40:6,23.6,76
0:40:7,23.6,76
0:40:8,23.6,76
0:40:9,23.6,76
0:40:10,23.6,76
0:40:11,23.6,76
0:40:12,23.6,76
0:40:13,23.6,76
0:40:14,23.6,76
0:40:15,23.6,76
0:40:16,23.6,76
0:40:17,23.6,76
0:40:18,23.6,76
0:40:19,23.6,76
0:40:21,23.6,76
0:40:22,23.6,76
0:40:23,23.6,76
0:40:24,23.6,76
0:40:25,23.6,76
0:40:26,23.6,76
0:40:27,23.6,76
0:40:28,23.6,76
0:40:29,23.6,76
0:40:30,23.7,76
0:40:31,23.7,76
0:40:32,23.7,76
0:40:33,23.7,76
0:40:34,23.7,76
0:40:35,23.7,76
0:40:36,23.6,76
0:40:37,23.6,76
0:40:38,23.7,76
0:40:39,23.7,76
0:40:40,23.7,76
0:40:41,23.7,76
0:40:42,23.7,76
0:40:44,23.7,76
0:40:45,23.7,76
0:40:46,23.7,76
0:40:47,23.7,76
0:40:48,23.7,76
0:40:49,23.7,76
0:40:50,23.7,76
0:40:51,23.7,76
0:40:52,23.7,76
0:40:53,23.7,76
0:40:54,23.7,76
0:40:55,23.7,76
0:40:56,23.7,76
0:40:57,23.7,76
0:40:58,23.7,76
0:40:59,23.7,76
0:41:0,23.7,76
0:41:1,23.7,76
0:41:2,23.7,76
0:41:3,23.7,76
0:41:4,23.7,76
0:41:5,23.7,76
0:41:7,23.7,76
0:41:8,23.7,76
0:41:9,23.7,76
0:41:10,23.7,76
0:41:11,23.7,76
0:41:12,23.7,76
0:41:13,23.7,76
0:41:14,23.7,76
0:41:15,23.7,76
0:41:16,23.7,76
0:41:17,23.7,76
0:41:18,23.7,76
0:41:19,23.7,76
0:41:20,23.7,76
0:41:21,23.7,76
0:41:22,23.6,76
0:41:23,23.6,76
0:41:24,23.7,76
0:41:25,23.7,76
0:41:26,23.7,76
0:41:27,23.7,76
0:41:28,23.7,76
0:41:30,23.7,76
0:41:31,23.7,76
0:41:32,23.7,76
0:41:33,23.7,76
0:41:34,23.7,76
0:41:35,23.7,76
0:41:36,23.7,76
0:41:37,23.7,76
0:41:38,23.7,76
0:41:39,23.7,76
0:41:40,23.7,76
0:41:41,23.7,76
0:41:42,23.7,76
0:41:43,23.6,76
0:41:44,23.6,76
0:41:45,23.7,76
0:41:46,23.7,76
0:41:47,23.7,76
0:41:48,23.7,76
0:41:49,23.7,76
0:41:50,23.7,76
0:41:51,23.7,76
0:41:53,23.7,76
0:41:54,23.7,76
0:41:55,23.7,76
0:41:56,23.7,76
0:41:57,23.7,76
0:41:58,23.7,76
0:41:59,23.7,76
0:42:0,23.7,76
0:42:1,23.7,76
0:42:2,23.7,76
0:42:3,23.7,76
0:42:4,23.7,76
0:42:5,23.7,76
0:42:6,23.7,76
0:42:7,23.7,76
0:42:8,23.7,76
0:42:9,23.7,76
0:42:10,23.7,76
0:42:11,23.7,76
0:42:12,23.7,76
0:42:13,23.7,76
0:42:14,23.7,76
0:42:16,23.7,76
0:42:17,23.7,76
0:42:18,23.7,76
0:42:19,23.7,76
0:42:20,23.7,76
0:42:21,23.7,76
0:42:22,23.7,76
0:42:23,23.7,76
0:42:24,23.7,76
0:42:25,23.7,76
0:42:26,23.7,76
0:42:27,23.7,76
0:42:28,23.7,76
0:42:29,23.7,76
0:42:30,23.7,76
0:42:31,23.7,76
0:42:32,23.7,76
0:42:33,23.7,76
0:42:34,23.7,76
0:42:35,23.7,76
0:42:36,23.7,76
0:42:37,23.7,76
0:42:39,23.7,76
0:42:40,23.7,76
0:42:41,23.7,76
0:42:42,23.7,76
0:42:43,23.7,76
0:42:44,23.7,76
0:42:45,23.7,76
0:42:46,23.7,76
0:42:47,23.7,76
0:42:48,23.7,76
0:42:49,23.7,76
0:42:50,23.7,76
0:42:51,23.7,76
0:42:52,23.7,76
0:42:53,23.7,76
0:42:54,23.7,76
0:42:55,23.7,76
0:42:56,23.7,76
0:42:57,23.7,76
0:42:58,23.7,76
0:42:59,23.7,76
0:43:0,23.7,76
0:43:2,23.7,76
0:43:3,23.7,76
0:43:4,23.7,76
0:43:5,23.7,76
0:43:6,23.7,76
0:43:7,23.7,76
0:43:8,23.7,76
0:43:9,23.7,76
0:43:10,23.7,76
0:43:11,23.7,76
0:43:12,23.7,76
0:43:13,23.7,76
0:43:14,23.7,76
0:43:15,23.7,76
0:43:16,23.7,76
0:43:17,23.7,76
0:43:18,23.7,76
0:43:19,23.7,76
0:43:20,23.7,76
0:43:21,23.7,76
0:43:22,23.7,76
0:43:23,23.7,76
0:43:25,23.7,76
0:43:26,23.7,76
0:43:27,23.7,76
0:43:28,23.7,76
0:43:29,23.7,76
0:43:30,23.7,76
0:43:31,23.7,76
0:43:32,23.7,76
0:43:33,23.7,76
0:43:34,23.7,76
0:43:35,23.7,76
0:43:36,23.7,76
0:43:37,23.7,76
0:43:38,23.7,76
0:43:39,23.7,76
0:43:40,23.7,76
0:43:41,23.7,76
0:43:42,23.7,76
0:43:43,23.7,76
0:43:44,23.7,76
0:43:45,23.7,76
0:43:46,23.7,76
0:43:48,23.7,76
0:43:49,23.7,76
0:43:50,23.7,76
0:43:51,23.7,76
0:43:52,23.7,76
0:43:53,23.7,76
0:43:54,23.7,76
0:43:55,23.7,76
0:43:56,23.7,76
0:43:57,23.7,76
0:43:58,23.7,76
0:43:59,23.7,76
0:44:0,23.7,76
0:44:1,23.7,76
0:44:2,23.7,76
0:44:3,23.7,76
0:44:4,23.7,76
0:44:5,23.7,76
0:44:6,23.7,76
0:44:7,23.7,76
0:44:8,23.7,76
0:44:9,23.7,76
0:44:10,23.7,76
0:44:12,23.7,76
0:44:13,23.7,76
0:44:14,23.7,76
0:44:15,23.7,76
0:44:16,23.7,76
0:44:17,23.7,76
0:44:18,23.7,76
0:44:19,23.7,76
0:44:20,23.7,76
0:44:21,23.7,76
0:44:22,23.7,76
0:44:23,23.7,76
0:44:24,23.7,76
0:44:25,23.7,76
0:44:26,23.7,76
0:44:27,23.7,76
0:44:28,23.7,76
0:44:29,23.7,76
0:44:30,23.7,76
0:44:31,23.7,76
0:44:32,23.7,76
0:44:34,23.7,76
0:44:35,23.7,76
0:44:36,23.7,76
0:44:37,23.7,76
0:44:38,23.7,76
0:44:39,23.7,76
0:44:40,23.7,76
0:44:41,23.7,76
0:44:42,23.7,76
0:44:43,23.7,76
0:44:44,23.7,76
0:44:45,23.7,76
0:44:46,23.7,76
0:44:47,23.7,76
0:44:48,23.7,76
0:44:49,23.7,76
0:44:50,23.7,76
0:44:51,23.7,76
0:44:52,23.7,76
0:44:53,23.7,76
0:44:54,23.7,76
0:44:55,23.7,76
0:44:57,23.7,76
0:44:58,23.7,76
0:44:59,23.7,76
0:45:0,23.7,76
0:45:1,23.7,76
0:45:2,23.7,76
0:45:3,23.7,76
0:45:4,23.7,76
0:45:5,23.7,76
0:45:6,23.7,76
0:45:7,23.7,76
0:45:8,23.7,76
0:45:9,23.7,76
0:45:10,23.7,76
0:45:11,23.7,76
0:45:12,23.7,76
0:45:13,23.7,76
0:45:14,23.7,76
0:45:15,23.7,76
0:45:16,23.7,76
0:45:17,23.7,76
0:45:18,23.7,76
0:45:20,23.7,76
0:45:21,23.7,76
0:45:22,23.7,76
0:45:23,23.7,76
0:45:24,23.7,76
0:45:25,23.7,76
0:45:26,23.7,76
0:45:27,23.7,76
0:45:28,23.7,76
0:45:29,23.7,76
0:45:30,23.7,76
0:45:31,23.7,76
0:45:32,23.7,76
0:45:33,23.7,76
0:45:34,23.7,76
0:45:35,23.7,76
0:45:36,23.7,76
0:45:37,23.7,76
0:45:38,23.7,76
0:45:39,23.7,76
0:45:40,23.7,76
0:45:41,23.7,76
0:45:43,23.7,76
0:45:44,23.7,76
0:45:45,23.7,76
0:45:46,23.7,76
0:45:47,23.7,76
0:45:48,23.7,76
0:45:49,23.7,76
0:45:50,23.7,76
0:45:51,23.7,76
0:45:52,23.7,76
0:45:53,23.7,76
0:45:54,23.7,76
0:45:55,23.7,76
0:45:56,23.7,76
0:45:57,23.7,76
0:45:58,23.7,76
0:45:59,23.7,76
0:46:0,23.7,76
0:46:1,23.7,76
0:46:2,23.7,76
0:46:3,23.7,76
0:46:4,23.7,76
0:46:6,23.7,76
0:46:7,23.7,76
0:46:8,23.7,76
0:46:9,23.7,76
0:46:10,23.7,76
0:46:11,23.7,76
0:46:12,23.7,76
0:46:13,23.7,76
0:46:14,23.7,76
0:46:15,23.7,76
0:46:16,23.7,76
0:46:17,23.7,76
0:46:18,23.7,76
0:46:19,23.7,76
0:46:20,23.7,76
0:46:21,23.7,76
0:46:22,23.7,76
0:46:23,23.7,76
0:46:24,23.7,76
0:46:25,23.7,76
0:46:26,23.7,76
0:46:27,23.7,76
0:46:29,23.7,76
0:46:30,23.7,76
0:46:31,23.7,76
0:46:32,23.7,76
0:46:33,23.7,76
0:46:34,23.7,76
0:46:35,23.7,76
0:46:36,23.7,76
0:46:37,23.7,76
0:46:38,23.7,76
0:46:39,23.7,76
0:46:40,23.7,76
0:46:41,23.7,76
0:46:42,23.7,76
0:46:43,23.7,76
0:46:44,23.7,76
0:46:45,23.7,76
0:46:46,23.7,76
0:46:47,23.7,76
0:46:48,23.7,76
0:46:49,23.7,76
0:46:50,23.7,76
0:46:51,23.7,76
0:46:53,23.7,76
0:46:54,23.7,76
0:46:55,23.7,76
0:46:56,23.7,76
0:46:57,23.7,76
0:46:58,23.7,76
0:46:59,23.7,76
0:47:0,23.7,76
0:47:1,23.7,76
0:47:2,23.7,76
0:47:3,23.7,76
0:47:4,23.7,76
0:47:5,23.7,76
0:47:6,23.7,76
0:47:7,23.7,76
0:47:8,23.7,76
0:47:9,23.7,76
0:47:10,23.7,76
0:47:11,23.7,76
0:47:12,23.7,76
0:47:13,23.7,76
0:47:14,23.7,76
0:47:16,23.7,76
0:47:17,23.7,76
0:47:18,23.7,76
0:47:19,23.7,76
0:47:20,23.7,76
0:47:21,23.7,76
0:47:22,23.7,76
0:47:23,23.7,76
0:47:24,23.7,76
0:47:25,23.7,76
0:47:26,23.7,76
0:47:27,23.7,76
0:47:28,23.7,76
0:47:29,23.7,76
0:47:30,23.7,76
0:47:31,23.7,76
0:47:32,23.7,76
0:47:33,23.7,76
0:47:34,23.7,76
0:47:35,23.7,76
0:47:36,23.7,76
0:47:37,23.7,76
0:47:39,23.7,76
0:47:40,23.7,76
0:47:41,23.7,76
0:47:42,23.7,76
0:47:43,23.7,76
0:47:44,23.7,76
0:47:45,23.7,76
0:47:46,23.7,76
0:47:47,23.7,76
0:47:48,23.7,76
0:47:49,23.7,76
0:47:50,23.7,76
0:47:51,23.7,76
0:47:52,23.7,76
0:47:53,23.7,76
0:47:54,23.7,76
0:47:55,23.7,76
0:47:56,23.7,76
0:47:57,23.7,76
0:47:58,23.7,76
0:47:59,23.7,76
0:48:0,23.7,76
0:48:2,23.7,76
0:48:3,23.7,76
0:48:4,23.7,76
0:48:5,23.7,76
0:48:6,23.7,76
0:48:7,23.7,76
0:48:8,23.7,76
0:48:9,23.7,76
0:48:10,23.7,76
0:48:11,23.7,76
0:48:12,23.7,76
0:48:13,23.7,76
0:48:14,23.7,76
0:48:15,23.7,76
0:48:16,23.7,76
0:48:17,23.7,76
0:48:18,23.7,76
0:48:19,23.7,76
0:48:20,23.7,76
0:48:21,23.7,76
0:48:22,23.7,76
0:48:24,23.7,76
0:48:25,23.7,76
0:48:26,23.7,76
0:48:27,23.7,76
0:48:28,23.7,76
0:48:29,23.7,76
0:48:30,23.7,76
0:48:31,23.7,76
0:48:32,23.7,76
0:48:33,23.7,76
0:48:34,23.7,76
0:48:35,23.7,76
0:48:36,23.7,76
0:48:37,23.7,76
0:48:38,23.7,76
0:48:39,23.7,76
0:48:40,23.7,76
0:48:41,23.7,76
0:48:42,23.7,76
0:48:43,23.7,76
0:48:44,23.7,76
0:48:45,23.7,76
0:48:46,23.7,76
0:48:48,23.7,76
0:48:49,23.7,76
0:48:50,23.7,76
0:48:51,23.7,76
0:48:52,23.7,76
0:48:53,23.7,76
0:48:54,23.7,76
0:48:55,23.7,76
0:48:56,23.7,76
0:48:57,23.7,76
0:48:58,23.7,76
0:48:59,23.7,76
0:49:0,23.7,76
0:49:1,23.7,76
0:49:2,23.7,76
0:49:3,23.7,76
0:49:4,23.7,76
0:49:5,23.7,76
0:49:6,23.7,76
0:49:7,23.7,76
0:49:8,23.7,76
0:49:9,23.7,76
0:49:11,23.7,76
0:49:12,23.7,76
0:49:13,23.7,76
0:49:14,23.7,76
0:49:15,23.7,76
0:49:16,23.7,76
0:49:17,23.7,76
0:49:18,23.7,76
0:49:19,23.7,76
0:49:20,23.7,76
0:49:21,23.7,75
0:49:22,23.7,75
0:49:23,23.7,75
0:49:24,23.7,75
0:49:25,23.7,75
0:49:26,23.7,75
0:49:27,23.7,76
0:49:28,23.7,76
0:49:29,23.7,76
0:49:30,23.7,76
0:49:31,23.7,76
0:49:32,23.7,76
0:49:34,23.7,76
0:49:35,23.7,76
0:49:36,23.7,75
0:49:37,23.7,75
0:49:38,23.7,75
0:49:39,23.7,75
0:49:40,23.7,75
0:49:41,23.7,75
0:49:42,23.7,75
0:49:43,23.7,75
0:49:44,23.7,75
0:49:45,23.7,75
0:49:46,23.7,76
0:49:47,23.7,76
0:49:48,23.7,75
0:49:49,23.7,75
0:49:50,23.7,75
0:49:51,23.7,75
0:49:52,23.7,75
0:49:53,23.7,75
0:49:54,23.7,75
0:49:55,23.7,75
0:49:57,23.7,75
0:49:58,23.7,75
0:49:59,23.7,75
0:50:0,23.7,75
0:50:1,23.7,75
0:50:2,23.7,75
0:50:3,23.7,75
0:50:4,23.7,75
0:50:5,23.7,75
0:50:6,23.7,75
0:50:7,23.7,76
0:50:8,23.7,76
0:50:9,23.7,75
0:50:10,23.7,75
0:50:11,23.7,75
0:50:12,23.7,75
0:50:13,23.7,75
0:50:14,23.7,75
0:50:15,23.7,76
0:50:16,23.7,76
0:50:17,23.7,75
0:50:18,23.7,75
0:50:20,23.7,76
0:50:21,23.7,76
0:50:22,23.7,75
0:50:23,23.7,75
0:50:24,23.7,75
0:50:25,23.7,75
0:50:26,23.7,76
0:50:27,23.7,76
0:50:28,23.7,76
0:50:29,23.7,76
0:50:30,23.7,75
0:50:31,23.7,75
0:50:32,23.7,75
0:50:33,23.7,75
0:50:34,23.7,76
0:50:35,23.7,76
0:50:36,23.7,76
0:50:37,23.7,76
0:50:38,23.7,76
0:50:39,23.7,76
0:50:40,23.7,75
0:50:41,23.7,75
0:50:43,23.7,75
0:50:44,23.7,75
0:50:45,23.7,76
0:50:46,23.7,76
0:50:47,23.7,76
0:50:48,23.7,76
0:50:49,23.7,76
0:50:50,23.7,76
0:50:51,23.7,76
0:50:52,23.7,76
0:50:53,23.7,76
0:50:54,23.7,76
0:50:55,23.7,76
0:50:56,23.7,76
0:50:57,23.7,76
0:50:58,23.7,76
0:50:59,23.7,76
0:51:0,23.7,76
0:51:1,23.7,76
0:51:2,23.7,76
0:51:3,23.7,76
0:51:4,23.7,76
0:51:6,23.7,76
0:51:7,23.7,76
0:51:8,23.7,76
0:51:9,23.7,76
0:51:10,23.7,76
0:51:11,23.7,76
0:51:12,23.7,76
0:51:13,23.7,76
0:51:14,23.7,76
0:51:15,23.7,76
0:51:16,23.7,76
0:51:17,23.7,76
0:51:18,23.7,76
0:51:19,23.7,76
0:51:20,23.8,76
0:51:21,23.8,76
0:51:22,23.8,76
0:51:23,23.8,76
0:51:24,23.8,76
0:51:25,23.8,76
0:51:26,23.7,76
0:51:27,23.7,76
0:51:28,23.8,76
0:51:30,23.8,76
0:51:31,23.7,76
0:51:32,23.7,76
0:51:33,23.7,76
0:51:34,23.7,76
0:51:35,23.7,76
0:51:36,23.7,76
0:51:37,23.7,76
0:51:38,23.7,76
0:51:39,23.7,76
0:51:40,23.7,76
0:51:41,23.7,76
0:51:42,23.7,76
0:51:43,23.7,76
0:51:44,23.7,76
0:51:45,23.7,76
0:51:46,23.7,76
0:51:47,23.8,76
0:51:48,23.8,76
0:51:49,23.8,76
0:51:50,23.8,76
0:51:51,23.8,77
0:51:53,23.8,77
0:51:54,23.8,77
0:51:55,23.8,77
0:51:56,23.8,77
0:51:57,23.8,77
0:51:58,23.8,77
0:51:59,23.8,77
0:52:0,23.8,77
0:52:1,23.8,77
0:52:2,23.8,77
0:52:3,23.8,77
0:52:4,23.8,77
0:52:5,23.8,77
0:52:6,23.8,77
0:52:7,23.8,77
0:52:8,23.8,77
0:52:9,23.8,77
0:52:10,23.8,77
0:52:11,23.8,77
0:52:12,23.8,76
0:52:13,23.8,76
0:52:14,23.8,76
0:52:16,23.8,76
0:52:17,23.8,77
0:52:18,23.8,77
0:52:19,23.8,77
0:52:20,23.8,77
0:52:21,23.8,77
0:52:22,23.8,77
0:52:23,23.8,77
0:52:24,23.8,77
0:52:25,23.8,77
0:52:26,23.8,77
0:52:27,23.8,77
0:52:28,23.8,77
0:52:29,23.8,77
0:52:30,23.8,77
0:52:31,23.8,77
0:52:32,23.8,77
0:52:33,23.8,77
0:52:34,23.8,77
0:52:35,23.8,77
0:52:36,23.8,77
0:52:37,23.8,77
0:52:39,23.8,77
0:52:40,23.8,77
0:52:41,23.8,77
0:52:42,23.8,77
0:52:43,23.8,77
0:52:44,23.8,78
0:52:45,23.8,78
0:52:46,23.8,78
0:52:47,23.8,78
0:52:48,23.8,79
0:52:49,23.8,79
0:52:50,23.8,79
0:52:51,23.8,79
0:52:52,23.8,79
0:52:53,23.8,79
0:52:54,23.8,80
0:52:55,23.8,80
0:52:56,23.8,80
0:52:57,23.8,80
0:52:58,23.8,80
0:52:59,23.8,80
0:53:0,23.8,81
0:53:2,23.8,81
0:53:3,23.8,81
0:53:4,23.8,81
0:53:5,23.8,81
0:53:6,23.8,81
0:53:7,23.8,81
0:53:8,23.8,81
0:53:9,23.8,81
0:53:10,23.8,81
0:53:11,23.8,82
0:53:12,23.8,82
0:53:13,23.8,82
0:53:14,23.8,82
0:53:15,23.8,82
0:53:16,23.8,82
0:53:17,23.8,83
0:53:18,23.8,83
0:53:19,23.8,83
0:53:20,23.8,83
0:53:21,23.9,83
0:53:22,23.9,83
0:53:23,23.9,83
0:53:25,23.9,83
0:53:26,23.9,84
0:53:27,23.9,84
0:53:28,23.9,84
0:53:29,23.9,84
0:53:30,23.9,84
0:53:31,23.9,84
0:53:32,23.9,85
0:53:33,23.9,85
0:53:34,23.9,85
0:53:35,23.9,85
0:53:36,23.9,85
0:53:37,23.9,85
0:53:38,23.9,85
0:53:39,23.9,85
0:53:40,23.9,85
0:53:41,23.9,85
0:53:42,23.9,86
0:53:43,23.9,86
0:53:44,23.9,86
0:53:45,23.9,86
0:53:46,23.9,86
0:53:48,23.9,86
0:53:49,23.9,86
0:53:50,23.9,86
0:53:51,23.9,86
0:53:52,23.9,86
0:53:53,23.9,87
0:53:54,23.9,87
0:53:55,23.9,87
0:53:56,23.9,87
0:53:57,23.9,87
0:53:58,23.9,87
0:53:59,23.9,87
0:54:0,23.9,87
0:54:1,23.9,87
0:54:2,23.9,87
0:54:3,23.9,87
0:54:4,23.9,87
0:54:5,23.9,87
0:54:6,23.9,87
0:54:7,23.9,88
0:54:8,23.9,88
0:54:9,23.9,88
0:54:11,23.9,88
0:54:12,23.9,88
0:54:13,23.9,88
0:54:14,23.9,88
0:54:15,23.9,88
0:54:16,23.9,88
0:54:17,23.9,88
0:54:18,23.9,88
0:54:19,23.9,88
0:54:20,23.9,88
0:54:21,23.9,88
0:54:22,23.9,88
0:54:23,23.9,88
0:54:24,23.9,88
0:54:25,23.9,88
0:54:26,23.9,88
0:54:27,23.9,88
0:54:28,24,88
0:54:29,24,88
0:54:30,23.9,88
0:54:31,23.9,88
0:54:32,23.9,88
0:54:34,23.9,88
0:54:35,24,88
0:54:36,24,88
0:54:37,23.9,88
0:54:38,23.9,88
0:54:39,24,89
0:54:40,24,89
0:54:41,24,89
0:54:42,24,89
0:54:43,24,89
0:54:44,24,89
0:54:45,24,89
0:54:46,24,89
0:54:47,24,89
0:54:48,24,89
0:54:49,23.9,89
0:54:50,23.9,89
0:54:51,24,89
0:54:52,24,89
0:54:53,24,89
0:54:54,24,89
0:54:55,24,89
0:54:57,24,89
0:54:58,23.9,89
0:54:59,23.9,89
0:55:0,24,90
0:55:1,24,90
0:55:2,24,90
0:55:3,24,90
0:55:4,24,90
0:55:5,24,90
0:55:6,24,90
0:55:7,24,90
0:55:8,24,90
0:55:9,24,90
0:55:10,24,90
0:55:11,24,90
0:55:12,24,90
0:55:13,24,90
0:55:14,24,90
0:55:15,24,90
0:55:16,24,90
0:55:17,24,90
0:55:18,24,90
0:55:20,24,90
0:55:21,24,90
0:55:22,24,90
0:55:23,24,90
0:55:24,24,90
0:55:25,24,90
0:55:26,24,90
0:55:27,24,90
0:55:28,24,90
0:55:29,24,90
0:55:30,24,90
0:55:31,24,90
0:55:32,24,90
0:55:33,24,91
0:55:34,24,91
0:55:35,24,91
0:55:36,24,91
0:55:37,24,91
0:55:38,24,91
0:55:39,24,91
0:55:40,24,91
0:55:41,24,91
0:55:43,24,91
0:55:44,24,91
0:55:45,24,91
0:55:46,24,91
0:55:47,24,91
0:55:48,24,91
0:55:49,24,91
0:55:50,24,91
0:55:51,24,91
0:55:52,24,91
0:55:53,24,91
0:55:54,24.1,91
0:55:55,24.1,91
0:55:56,24,91
0:55:57,24,91
0:55:58,24.1,91
0:55:59,24.1,91
0:56:0,24,91
0:56:1,24,91
0:56:2,24,91
0:56:3,24,91
0:56:4,24,91
0:56:6,24,91
0:56:7,24,91
0:56:8,24,91
0:56:9,24.1,91
0:56:10,24.1,91
0:56:11,24.1,91
0:56:12,24.1,91
0:56:13,24.1,91
0:56:14,24.1,91
0:56:15,24,91
0:56:16,24,91
0:56:17,24.1,91
0:56:18,24.1,91
0:56:19,24.1,91
0:56:20,24.1,91
0:56:21,24.1,91
0:56:22,24.1,91
0:56:23,24,91
0:56:24,24,91
0:56:25,24,92
0:56:26,24,92
0:56:27,24,92
0:56:29,24,92
0:56:30,24.1,91
0:56:31,24.1,91
0:56:32,24.1,92
0:56:33,24.1,92
0:56:34,24.1,92
0:56:35,24.1,92
0:56:36,24.1,92
0:56:37,24.1,92
0:56:38,24.1,92
0:56:39,24.1,92
0:56:40,24.1,92
0:56:41,24.1,92
0:56:42,24.1,92
0:56:43,24.1,92
0:56:44,24.1,92
0:56:45,24.1,92
0:56:46,24.1,92
0:56:47,24.1,92
0:56:48,24.1,92
0:56:49,24.1,92
0:56:50,24.1,93
0:56:52,24.1,93
0:56:53,24.1,93
0:56:54,24.1,93
0:56:55,24.1,93
0:56:56,24.1,93
0:56:57,24.1,93
0:56:58,24.1,93
0:56:59,24.1,93
0:57:0,24.1,93
0:57:1,24.1,93
0:57:2,24.1,93
0:57:3,24.2,93
0:57:4,24.2,93
0:57:5,24.2,93
0:57:6,24.2,93
0:57:7,24.1,93
0:57:8,24.1,93
0:57:9,24.2,93
0:57:10,24.2,93
0:57:11,24.1,93
0:57:12,24.1,93
0:57:13,24.1,93
0:57:15,24.1,93
0:57:16,24.1,93
0:57:17,24.1,93
0:57:18,24.1,93
0:57:19,24.1,93
0:57:20,24.2,93
0:57:21,24.2,93
0:57:22,24.1,93
0:57:23,24.1,93
0:57:24,24.2,93
0:57:25,24.2,93
0:57:26,24.2,93
0:57:27,24.2,93
0:57:28,24.2,93
0:57:29,24.2,93
0:57:30,24.2,93
0:57:31,24.2,93
0:57:32,24.2,93
0:57:33,24.2,93
0:57:34,24.2,93
0:57:35,24.2,93
0:57:36,24.2,93
0:57:38,24.2,93
0:57:39,24.2,93
0:57:40,24.2,93
0:57:41,24.2,94
0:57:42,24.2,94
0:57:43,24.2,94
0:57:44,24.2,94
0:57:45,24.2,94
0:57:46,24.2,94
0:57:47,24.2,94
0:57:48,24.2,94
0:57:49,24.2,94
0:57:50,24.2,94
0:57:51,24.2,94
0:57:52,24.2,94
0:57:53,24.3,94
0:57:54,24.3,94
0:57:55,24.2,94
0:57:56,24.2,94
0:57:57,24.2,94
0:57:58,24.2,94
0:57:59,24.2,95
0:58:1,24.2,95
0:58:2,24.2,94
0:58:3,24.2,94
0:58:4,24.2,95
0:58:5,24.2,95
0:58:6,24.2,94
0:58:7,24.2,94
0:58:8,24.2,94
0:58:9,24.2,94
0:58:10,24.2,94
0:58:11,24.2,94
0:58:12,24.2,94
0:58:13,24.2,94
0:58:14,24.2,94
0:58:15,24.2,94
0:58:16,24.2,94
0:58:17,24.2,94
0:58:18,24.2,94
0:58:19,24.2,94
0:58:20,24.2,94
0:58:21,24.2,94
0:58:22,24.2,94
0:58:24,24.2,94
0:58:25,24.2,94
0:58:26,24.2,94
0:58:27,24.2,94
0:58:28,24.2,94
0:58:29,24.3,94
0:58:30,24.3,94
0:58:31,24.3,94
0:58:32,24.3,94
0:58:33,24.2,94
0:58:34,24.2,94
0:58:35,24.2,94
0:58:36,24.2,94
0:58:37,24.3,94
0:58:38,24.3,94
0:58:39,24.3,94
0:58:40,24.3,94
0:58:41,24.3,94
0:58:42,24.3,94
0:58:43,24.3,94
0:58:44,24.3,94
0:58:45,24.3,95
0:58:47,24.3,95
0:58:48,24.3,95
0:58:49,24.3,95
0:58:50,24.3,95
0:58:51,24.3,95
0:58:52,24.3,95
0:58:53,24.3,95
0:58:54,24.3,95
0:58:55,24.3,95
0:58:56,24.3,95
0:58:57,24.3,95
0:58:58,24.3,95
0:58:59,24.3,95
0:59:0,24.3,95
0:59:1,24.3,95
0:59:2,24.4,95
0:59:3,24.4,95
0:59:4,24.3,95
0:59:5,24.3,95
0:59:6,24.3,95
0:59:7,24.3,95
0:59:8,24.3,95
0:59:10,24.3,95
0:59:11,24.3,95
0:59:12,24.3,95
0:59:13,24.3,95
0:59:14,24.3,95
0:59:15,24.3,95
0:59:16,24.3,95
0:59:17,24.3,95
0:59:18,24.3,95
0:59:19,24.3,95
0:59:20,24.3,95
0:59:21,24.3,95
0:59:22,24.3,95
0:59:23,24.4,95
0:59:24,24.4,95
0:59:25,24.4,95
0:59:26,24.4,95
0:59:27,24.4,95
0:59:28,24.4,95
0:59:29,24.4,95
0:59:30,24.4,95
0:59:31,24.4,95
0:59:33,24.4,95
0:59:34,24.4,95
0:59:35,24.4,95
0:59:36,24.4,95
0:59:37,24.4,95
0:59:38,24.4,95
0:59:39,24.4,95
0:59:40,24.4,95
0:59:41,24.4,95
0:59:42,24.4,95
0:59:43,24.4,95
0:59:44,24.4,95
0:59:45,24.4,95
0:59:46,24.4,95
0:59:47,24.4,95
0:59:48,24.4,95
0:59:49,24.4,95
0:59:50,24.4,95
0:59:51,24.4,95
0:59:52,24.4,95
0:59:53,24.4,95
0:59:54,24.4,95
0:59:56,24.4,95
0:59:57,24.4,95
0:59:58,24.4,95
0:59:59,24.4,95
1:0:0,24.4,95
1:0:1,24.4,95
1:0:2,24.4,95
1:0:3,24.4,95
1:0:4,24.4,95
1:0:5,24.4,95
1:0:6,24.4,95
1:0:7,24.4,95
1:0:8,24.4,95
1:0:9,24.4,95
1:0:10,24.4,95
1:0:11,24.4,95
1:0:12,24.4,95
1:0:13,24.4,95
1:0:14,24.4,95
1:0:15,24.4,95
1:0:16,24.4,95
1:0:17,24.4,95
1:0:19,24.4,95
1:0:20,24.4,95
1:0:21,24.4,95
1:0:22,24.4,95
1:0:23,24.4,95
1:0:24,24.4,95
1:0:25,24.4,95
1:0:26,24.4,95
1:0:27,24.4,95
1:0:28,24.4,95
1:0:29,24.4,95
1:0:30,24.4,95
1:0:31,24.4,95
1:0:32,24.4,95
1:0:33,24.4,95
1:0:34,24.4,95
1:0:35,24.4,95
1:0:36,24.4,95
1:0:37,24.4,95
1:0:38,24.4,95
1:0:39,24.4,95
1:0:40,24.4,95
1:0:42,24.4,95
1:0:43,24.4,95
1:0:44,24.4,95
1:0:45,24.4,95
1:0:46,24.4,95
1:0:47,24.4,95
1:0:48,24.4,95
1:0:49,24.4,95
1:0:50,24.4,95
1:0:51,24.4,95
1:0:52,24.4,95
1:0:53,24.4,95
1:0:54,24.4,95
1:0:55,24.4,95
1:0:56,24.4,95
1:0:57,24.4,95
1:0:58,24.4,95
1:0:59,24.4,95
1:1:0,24.4,95
1:1:1,24.4,95
1:1:2,24.4,95
1:1:3,24.4,95
1:1:5,24.4,95
1:1:6,24.4,95
1:1:7,24.4,95
1:1:8,24.4,95
1:1:9,24.4,95
1:1:10,24.4,95
1:1:11,24.4,95
1:1:12,24.4,95
1:1:13,24.4,95
1:1:14,24.4,95
1:1:15,24.4,95
1:1:16,24.5,95
1:1:17,24.5,95
1:1:18,24.5,95
1:1:19,24.5,95
1:1:20,24.4,95
1:1:21,24.4,95
1:1:22,24.4,95
1:1:23,24.4,95
1:1:24,24.4,95
1:1:25,24.4,95
1:1:26,24.4,95
1:1:28,24.4,95
1:1:29,24.4,95
1:1:30,24.4,95
1:1:31,24.4,95
1:1:32,24.4,95
1:1:33,24.4,95
1:1:34,24.4,95
1:1:35,24.4,95
1:1:36,24.4,95
1:1:37,24.4,95
1:1:38,24.4,95
1:1:39,24.4,95
1:1:40,24.4,95
1:1:41,24.4,95
1:1:42,24.4,95
1:1:43,24.4,95
1:1:44,24.4,95
1:1:45,24.4,95
1:1:46,24.4,95
1:1:47,24.4,95
1:1:48,24.4,95
1:1:49,24.4,95
1:1:51,24.4,95
1:1:52,24.4,95
1:1:53,24.4,95
1:1:54,24.4,95
1:1:55,24.4,95
1:1:56,24.4,95
1:1:57,24.4,95
1:1:58,24.4,95
1:1:59,24.4,95
1:2:0,24.4,95
1:2:1,24.4,95
1:2:2,24.4,95
1:2:3,24.4,95
1:2:4,24.4,95
1:2:5,24.4,95
1:2:6,24.4,95
1:2:7,24.4,95
1:2:8,24.4,95
1:2:9,24.4,95
1:2:10,24.4,95
1:2:11,24.4,95
1:2:12,24.4,95
1:2:14,24.4,95
1:2:15,24.5,95
1:2:16,24.5,95
1:2:17,24.4,95
1:2:18,24.4,95
1:2:19,24.4,95
1:2:20,24.4,95
1:2:21,24.4,95
1:2:22,24.4,95
1:2:23,24.4,95
1:2:24,24.4,95
1:2:25,24.4,95
1:2:26,24.4,95
1:2:27,24.4,95
1:2:28,24.4,95
1:2:29,24.4,95
1:2:30,24.4,95
1:2:31,24.4,95
1:2:32,24.4,95
1:2:33,24.4,95
1:2:34,24.4,95
1:2:35,24.4,95
1:2:37,24.4,95
1:2:38,24.4,95
1:2:39,24.4,95
1:2:40,24.4,95
1:2:41,24.4,95
1:2:42,24.4,95
1:2:43,24.4,95
1:2:44,24.4,95
1:2:45,24.4,95
1:2:46,24.4,95
1:2:47,24.4,95
1:2:48,24.4,95
1:2:49,24.4,95
1:2:50,24.4,95
1:2:51,24.4,95
1:2:52,24.4,95
1:2:53,24.4,95
1:2:54,24.4,95
1:2:55,24.4,95
1:2:56,24.4,95
1:2:57,24.4,95
1:2:58,24.4,95
1:3:0,24.4,95
1:3:1,24.4,95
1:3:2,24.4,95
1:3:3,24.5,95
1:3:4,24.5,95
1:3:5,24.5,95
1:3:6,24.5,95
1:3:7,24.5,95
1:3:8,24.5,95
1:3:9,24.5,95
1:3:10,24.5,95
1:3:11,24.5,95
1:3:12,24.5,95
1:3:13,24.5,95
1:3:14,24.5,95
1:3:15,24.5,95
1:3:16,24.5,95
1:3:17,24.5,95
1:3:18,24.5,95
1:3:19,24.5,95
1:3:20,24.5,95
1:3:21,24.5,95
1:3:23,24.5,95
1:3:24,24.5,95
1:3:25,24.5,95
1:3:26,24.5,95
1:3:27,24.5,95
1:3:28,24.5,95
1:3:29,24.5,95
1:3:30,24.5,95
1:3:31,24.5,95
1:3:32,24.5,95
1:3:33,24.5,95
1:3:34,24.5,95
1:3:35,24.5,95
1:3:36,24.5,95
1:3:37,24.5,95
1:3:38,24.5,95
1:3:39,24.5,95
1:3:40,24.5,95
1:3:41,24.5,95
1:3:42,24.5,95
1:3:43,24.5,95
1:3:44,24.5,95
1:3:46,24.5,95
1:3:47,24.5,95
1:3:48,24.5,95
1:3:49,24.5,95
1:3:50,24.5,95
1:3:51,24.5,95
1:3:52,24.5,95
1:3:53,24.5,95
1:3:54,24.5,95
1:3:55,24.5,95
1:3:56,24.5,95
1:3:57,24.5,95
1:3:58,24.5,95
1:3:59,24.5,95
1:4:0,24.5,95
1:4:1,24.5,95
1:4:2,24.5,95
1:4:3,24.5,95
1:4:4,24.5,95
1:4:5,24.5,95
1:4:6,24.5,95
1:4:7,24.5,95
1:4:9,24.5,95
1:4:10,24.5,95
1:4:11,24.5,95
1:4:12,24.5,95
1:4:13,24.5,95
1:4:14,24.5,95
1:4:15,24.5,95
1:4:16,24.5,95
1:4:17,24.5,95
1:4:18,24.5,95
1:4:19,24.5,95
1:4:20,24.5,95
1:4:21,24.5,95
1:4:22,24.6,95
1:4:23,24.6,95
1:4:24,24.6,95
1:4:25,24.6,95
1:4:26,24.6,95
1:4:27,24.6,95
1:4:28,24.6,95
1:4:29,24.6,95
1:4:30,24.6,95
1:4:32,24.6,95
1:4:33,24.5,95
1:4:34,24.5,95
1:4:35,24.6,95
1:4:36,24.6,95
1:4:37,24.6,95
1:4:38,24.6,95
1:4:39,24.6,95
1:4:40,24.6,95
1:4:41,24.6,95
1:4:42,24.6,95
1:4:43,24.6,95
1:4:44,24.6,95
1:4:45,24.6,95
1:4:46,24.6,95
1:4:47,24.6,95
1:4:48,24.6,95
1:4:49,24.6,95
1:4:50,24.6,95
1:4:51,24.6,95
1:4:52,24.6,95
1:4:53,24.6,95
1:4:55,24.6,95
1:4:56,24.6,95
1:4:57,24.6,95
1:4:58,24.7,95
1:4:59,24.7,95
1:5:0,24.6,95
1:5:1,24.6,95
1:5:2,24.6,95
1:5:3,24.6,95
1:5:4,24.6,95
1:5:5,24.6,95
1:5:6,24.7,95
1:5:7,24.7,95
1:5:8,24.7,95
1:5:9,24.7,95
1:5:10,24.7,95
1:5:11,24.7,95
1:5:12,24.7,95
1:5:13,24.7,95
1:5:14,24.7,95
1:5:15,24.7,95
1:5:16,24.7,95
1:5:17,24.7,95
1:5:19,24.6,95
1:5:20,24.6,95
1:5:21,24.6,95
1:5:22,24.6,95
1:5:23,24.6,95
1:5:24,24.6,95
1:5:25,24.7,95
1:5:26,24.7,95
1:5:27,24.7,95
1:5:28,24.7,95
1:5:29,24.7,95
1:5:30,24.7,95
1:5:31,24.7,95
1:5:32,24.7,95
1:5:33,24.6,95
1:5:34,24.6,95
1:5:35,24.6,95
1:5:36,24.6,95
1:5:37,24.7,95
1:5:38,24.7,95
1:5:39,24.6,95
1:5:40,24.6,95
1:5:42,24.7,95
1:5:43,24.7,95
1:5:44,24.7,95
1:5:45,24.7,95
1:5:46,24.7,95
1:5:47,24.7,95
1:5:48,24.7,95
1:5:49,24.7,95
1:5:50,24.7,95
1:5:51,24.7,95
1:5:52,24.7,95
1:5:53,24.7,95
1:5:54,24.7,95
1:5:55,24.7,95
1:5:56,24.7,95
1:5:57,24.7,95
1:5:58,24.7,95
1:5:59,24.7,95
1:6:0,24.7,95
1:6:1,24.7,95
1:6:2,24.7,95
1:6:3,24.7,95
1:6:4,24.7,95
1:6:6,24.7,95
1:6:7,24.7,95
1:6:8,24.7,95
1:6:9,24.7,95
1:6:10,24.7,95
1:6:11,24.7,95
1:6:12,24.7,95
1:6:13,24.7,95
1:6:14,24.7,95
1:6:15,24.7,95
1:6:16,24.7,95
1:6:17,24.7,95
1:6:18,24.7,95
1:6:19,24.7,95
1:6:20,24.7,95
1:6:21,24.7,95
1:6:22,24.7,95
1:6:23,24.7,95
1:6:24,24.7,95
1:6:25,24.7,95
1:6:26,24.7,95
1:6:27,24.7,95
1:6:29,24.7,95
1:6:30,24.7,95
1:6:31,24.7,95
1:6:32,24.7,95
1:6:33,24.7,95
1:6:34,24.7,95
1:6:35,24.7,95
1:6:36,24.7,95
1:6:37,24.7,95
1:6:38,24.7,95
1:6:39,24.7,95
1:6:40,24.7,95
1:6:41,24.7,95
1:6:42,24.7,95
1:6:43,24.7,95
1:6:44,24.6,95
1:6:45,24.6,95
1:6:46,24.6,95
1:6:47,24.6,95
1:6:48,24.6,95
1:6:49,24.6,95
1:6:50,24.6,95
1:6:52,24.6,95
1:6:53,24.7,95
1:6:54,24.7,95
1:6:55,24.7,95
1:6:56,24.7,95
1:6:57,24.7,95
1:6:58,24.7,95
1:6:59,24.7,95
1:7:0,24.7,95
1:7:1,24.7,95
1:7:2,24.7,95
1:7:3,24.7,95
1:7:4,24.7,95
1:7:5,24.7,95
1:7:6,24.7,95
1:7:7,24.7,95
1:7:8,24.7,95
1:7:9,24.7,95
1:7:10,24.7,95
1:7:11,24.7,95
1:7:12,24.7,95
1:7:13,24.6,95
1:7:15,24.6,95
1:7:16,24.6,95
1:7:17,24.6,95
1:7:18,24.6,95
1:7:19,24.6,95
1:7:20,24.6,95
1:7:21,24.6,95
1:7:22,24.6,95
1:7:23,24.6,95
1:7:24,24.6,95
1:7:25,24.6,95
1:7:26,24.6,95
1:7:27,24.6,95
1:7:28,24.6,95
1:7:29,24.6,95
1:7:30,24.6,95
1:7:31,24.6,95
1:7:32,24.6,95
1:7:33,24.6,95
1:7:34,24.6,95
1:7:35,24.6,95
1:7:37,24.6,95
1:7:38,24.6,95
1:7:39,24.6,95
1:7:40,24.6,95
1:7:41,24.6,95
1:7:42,24.6,95
1:7:43,24.6,95
1:7:44,24.6,95
1:7:45,24.6,95
1:7:46,24.6,95
1:7:47,24.6,95
1:7:48,24.6,95
1:7:49,24.7,95
1:7:50,24.7,95
1:7:51,24.6,95
1:7:52,24.6,95
1:7:53,24.6,95
1:7:54,24.6,95
1:7:55,24.6,95
1:7:56,24.6,95
1:7:57,24.6,95
1:7:58,24.6,95
1:8:0,24.6,95
1:8:1,24.6,95
1:8:2,24.7,95
1:8:3,24.7,95
1:8:4,24.6,95
1:8:5,24.6,95
1:8:6,24.6,95
1:8:7,24.6,95
1:8:8,24.6,95
1:8:9,24.6,95
1:8:10,24.6,95
1:8:11,24.6,95
1:8:12,24.6,95
1:8:13,24.6,95
1:8:14,24.7,95
1:8:15,24.7,95
1:8:16,24.6,95
1:8:17,24.6,95
1:8:18,24.6,95
1:8:19,24.6,95
1:8:20,24.6,95
1:8:21,24.6,95
1:8:22,24.6,95
1:8:24,24.6,95
1:8:25,24.6,95
1:8:26,24.6,95
1:8:27,24.6,95
1:8:28,24.6,95
1:8:29,24.6,95
1:8:30,24.6,95
1:8:31,24.6,95
1:8:32,24.6,95
1:8:33,24.6,95
1:8:34,24.6,95
1:8:35,24.6,95
1:8:36,24.6,95
1:8:37,24.6,95
1:8:38,24.6,95
1:8:39,24.6,95
1:8:40,24.6,95
1:8:41,24.7,95
1:8:42,24.7,95
1:8:43,24.6,95
1:8:44,24.6,95
1:8:45,24.6,95
1:8:47,24.6,95
1:8:48,24.6,95
1:8:49,24.6,95
1:8:50,24.6,95
1:8:51,24.6,95
1:8:52,24.6,95
1:8:53,24.6,95
1:8:54,24.6,95
1:8:55,24.6,95
1:8:56,24.6,95
1:8:57,24.6,95
1:8:58,24.6,95
1:8:59,24.6,95
1:9:0,24.7,95
1:9:1,24.7,95
1:9:2,24.6,95
1:9:3,24.6,95
1:9:4,24.6,95
1:9:5,24.6,95
1:9:6,24.7,95
1:9:7,24.7,95
1:9:9,24.6,95
1:9:10,24.6,95
1:9:11,24.6,95
1:9:12,24.6,95
1:9:13,24.6,95
1:9:14,24.6,95
1:9:15,24.7,95
1:9:16,24.7,95
1:9:17,24.7,95
1:9:18,24.7,95
1:9:19,24.7,95
1:9:20,24.7,95
1:9:21,24.7,95
1:9:22,24.7,95
1:9:23,24.7,95
1:9:24,24.7,95
1:9:25,24.7,95
1:9:26,24.7,95
1:9:27,24.6,95
1:9:28,24.6,95
1:9:29,24.7,95
1:9:30,24.7,95
1:9:32,24.7,95
1:9:33,24.7,95
1:9:34,24.7,95
1:9:35,24.7,95
1:9:36,24.6,95
1:9:37,24.6,95
1:9:38,24.7,95
1:9:39,24.7,95
1:9:40,24.6,95
1:9:41,24.6,95
1:9:42,24.6,95
1:9:43,24.6,95
1:9:44,24.6,95
1:9:45,24.6,95
1:9:46,24.6,95
1:9:47,24.6,95
1:9:48,24.6,95
1:9:49,24.6,95
1:9:50,24.6,95
1:9:51,24.6,95
1:9:52,24.6,95
1:9:53,24.6,95
1:9:55,24.6,95
1:9:56,24.6,95
1:9:57,24.6,95
1:9:58,24.6,95
1:9:59,24.6,95
1:10:0,24.6,95
1:10:1,24.6,95
1:10:2,24.6,95
1:10:3,24.6,95
1:10:4,24.6,95
1:10:5,24.6,95
1:10:6,24.6,95
1:10:7,24.6,95
1:10:8,24.6,95
1:10:9,24.6,95
1:10:10,24.6,95
1:10:11,24.6,95
1:10:12,24.6,95
1:10:13,24.6,95
1:10:14,24.6,95
1:10:15,24.6,95
1:10:16,24.6,95
1:10:18,24.6,95
1:10:19,24.6,95
1:10:20,24.6,95
1:10:21,24.6,95
1:10:22,24.6,95
1:10:23,24.6,95
1:10:24,24.6,95
1:10:25,24.6,95
1:10:26,24.6,95
1:10:27,24.6,95
1:10:28,24.6,95
1:10:29,24.6,95
1:10:30,24.6,95
1:10:31,24.6,95
1:10:32,24.6,95
1:10:33,24.6,95
1:10:34,24.6,95
1:10:35,24.6,95
1:10:36,24.7,95
1:10:37,24.7,95
1:10:38,24.6,95
1:10:39,24.6,95
1:10:41,24.7,95
1:10:42,24.7,95
1:10:43,24.6,95
1:10:44,24.6,95
1:10:45,24.6,95
1:10:46,24.6,95
1:10:47,24.6,95
1:10:48,24.6,95
1:10:49,24.7,95
1:10:50,24.7,95
1:10:51,24.6,95
1:10:52,24.6,95
1:10:53,24.6,95
1:10:54,24.6,95
1:10:55,24.6,95
1:10:56,24.6,95
1:10:57,24.6,95
1:10:58,24.6,95
1:10:59,24.7,95
1:11:0,24.7,95
1:11:1,24.7,95
1:11:2,24.7,95
1:11:4,24.7,95
1:11:5,24.7,95
1:11:6,24.7,95
1:11:7,24.7,95
1:11:8,24.7,95
1:11:9,24.7,95
1:11:10,24.7,95
1:11:11,24.7,95
1:11:12,24.7,95
1:11:13,24.7,95
1:11:14,24.7,95
1:11:15,24.7,95
1:11:16,24.7,95
1:11:17,24.7,95
1:11:18,24.7,95
1:11:19,24.7,95
1:11:20,24.7,95
1:11:21,24.7,95
1:11:22,24.7,95
1:11:23,24.7,95
1:11:24,24.7,95
1:11:25,24.7,95
1:11:27,24.7,95
1:11:28,24.7,95
1:11:29,24.7,95
1:11:30,24.7,95
1:11:31,24.7,95
1:11:32,24.7,95
1:11:33,24.7,95
1:11:34,24.7,95
1:11:35,24.7,95
1:11:36,24.7,95
1:11:37,24.7,95
1:11:38,24.7,95
1:11:39,24.7,95
1:11:40,24.7,95
1:11:41,24.7,95
1:11:42,24.7,95
1:11:43,24.7,95
1:11:44,24.7,95
1:11:45,24.7,95
1:11:46,24.7,95
1:11:47,24.7,95
1:11:48,24.7,95
1:11:50,24.7,95
1:11:51,24.7,95
1:11:52,24.7,95
1:11:53,24.7,95
1:11:54,24.7,95
1:11:55,24.7,95
1:11:56,24.7,95
1:11:57,24.7,95
1:11:58,24.7,95
1:11:59,24.7,95
1:12:0,24.7,95
1:12:1,24.7,95
1:12:2,24.7,95
1:12:3,24.7,95
1:12:4,24.7,95
1:12:5,24.7,95
1:12:6,24.7,95
1:12:7,24.7,95
1:12:8,24.7,95
1:12:9,24.7,95
1:12:10,24.7,95
1:12:11,24.7,95
1:12:13,24.7,95
1:12:14,24.7,95
1:12:15,24.7,95
1:12:16,24.7,95
1:12:17,24.7,95
1:12:18,24.7,95
1:12:19,24.7,95
1:12:20,24.7,95
1:12:21,24.7,95
1:12:22,24.7,95
1:12:23,24.7,95
1:12:24,24.7,95
1:12:25,24.7,95
1:12:26,24.7,95
1:12:27,24.7,95
1:12:28,24.7,95
1:12:29,24.7,95
1:12:30,24.7,95
1:12:31,24.7,95
1:12:32,24.7,95
1:12:33,24.7,95
1:12:34,24.7,95
1:12:36,24.7,95
1:12:37,24.7,95
1:12:38,24.7,95
1:12:39,24.7,95
1:12:40,24.7,95
1:12:41,24.7,95
1:12:42,24.7,95
1:12:43,24.7,95
1:12:44,24.7,95
1:12:45,24.7,95
1:12:46,24.7,95
1:12:47,24.7,95
1:12:48,24.7,95
1:12:49,24.7,95
1:12:50,24.7,95
1:12:51,24.7,95
1:12:52,24.7,95
1:12:53,24.7,95
1:12:54,24.7,95
1:12:55,24.7,95
1:12:56,24.7,95
1:12:57,24.7,95
1:12:59,24.7,95
1:13:0,24.7,95
1:13:1,24.7,95
1:13:2,24.7,95
1:13:3,24.7,95
1:13:4,24.7,95
1:13:5,24.7,95
1:13:6,24.7,95
1:13:7,24.7,95
1:13:8,24.7,95
1:13:9,24.7,95
1:13:10,24.7,95
1:13:11,24.7,95
1:13:12,24.7,95
1:13:13,24.7,95
1:13:14,24.7,95
1:13:15,24.7,95
1:13:16,24.7,95
1:13:17,24.7,95
1:13:18,24.7,95
1:13:19,24.7,95
1:13:20,24.7,95
1:13:22,24.7,95
1:13:23,24.7,95
1:13:24,24.7,95
1:13:25,24.7,95
1:13:26,24.7,95
1:13:27,24.7,95
1:13:28,24.7,95
1:13:29,24.7,95
1:13:30,24.7,95
1:13:31,24.7,95
1:13:32,24.7,95
1:13:33,24.7,95
1:13:34,24.7,95
1:13:35,24.7,95
1:13:36,24.7,95
1:13:37,24.7,95
1:13:38,24.7,95
1:13:39,24.7,95
1:13:40,24.7,95
1:13:41,24.7,95
1:13:42,24.7,95
1:13:43,24.7,95
1:13:45,24.7,95
1:13:46,24.7,95
1:13:47,24.8,95
1:13:48,24.8,95
1:13:49,24.8,95
1:13:50,24.8,95
1:13:51,24.8,95
1:13:52,24.8,95
1:13:53,24.8,95
1:13:54,24.8,95
1:13:55,24.8,95
1:13:56,24.8,95
1:13:57,24.8,95
1:13:58,24.8,95
1:13:59,24.8,95
1:14:0,24.8,95
1:14:1,24.8,95
1:14:2,24.8,95
1:14:3,24.8,95
1:14:4,24.8,95
1:14:5,24.8,95
1:14:7,24.8,95
1:14:8,24.8,95
1:14:9,24.8,95
1:14:10,24.8,95
1:14:11,24.8,95
1:14:12,24.8,95
1:14:13,24.8,95
1:14:14,24.8,95
1:14:15,24.8,95
1:14:16,24.8,95
1:14:17,24.8,95
1:14:18,24.8,95
1:14:19,24.8,95
1:14:20,24.8,95
1:14:21,24.8,95
1:14:22,24.8,95
1:14:23,24.8,95
1:14:24,24.8,95
1:14:25,24.8,95
1:14:26,24.8,95
1:14:27,24.8,95
1:14:28,24.8,95
1:14:30,24.8,95
1:14:31,24.8,95
1:14:32,24.8,95
1:14:33,24.8,95
1:14:34,24.8,95
1:14:35,24.8,95
1:14:36,24.8,95
1:14:37,24.8,95
1:14:38,24.8,95
1:14:39,24.8,95
1:14:40,24.8,95
1:14:41,24.8,95
1:14:42,24.8,95
1:14:43,24.8,95
1:14:44,24.8,95
1:14:45,24.8,95
1:14:46,24.8,95
1:14:47,24.8,95
1:14:48,24.8,95
1:14:49,24.8,95
1:14:50,24.8,95
1:14:51,24.8,95
1:14:52,24.8,95
1:14:54,24.8,95
1:14:55,24.8,95
1:14:56,24.8,95
1:14:57,24.8,95
1:14:58,24.8,95
1:14:59,24.8,95
1:15:0,24.8,95
1:15:1,24.8,95
1:15:2,24.8,95
1:15:3,24.8,95
1:15:4,24.8,95
1:15:5,24.8,95
1:15:6,24.8,95
1:15:7,24.8,95
1:15:8,24.8,95
1:15:9,24.8,95
1:15:10,24.8,95
1:15:11,24.8,95
1:15:12,24.8,95
1:15:13,24.8,95
1:15:14,24.8,95
1:15:15,24.8,95
1:15:17,24.8,95
1:15:18,24.8,95
1:15:19,24.8,95
1:15:20,24.8,95
1:15:21,24.8,95
1:15:22,24.8,95
1:15:23,24.8,95
1:15:24,24.8,95
1:15:25,24.8,95
1:15:26,24.8,95
1:15:27,24.8,95
1:15:28,24.8,95
1:15:29,24.8,95
1:15:30,24.8,95
1:15:31,24.8,95
1:15:32,24.8,95
1:15:33,24.8,95
1:15:34,24.8,95
1:15:35,24.8,95
1:15:36,24.8,95
1:15:37,24.8,95
1:15:39,24.8,95
1:15:40,24.8,95
1:15:41,24.8,95
1:15:42,24.8,95
1:15:43,24.8,95
1:15:44,24.8,95
1:15:45,24.8,95
1:15:46,24.8,95
1:15:47,24.8,95
1:15:48,24.8,95
1:15:49,24.8,95
1:15:50,24.8,95
1:15:51,24.8,95
1:15:52,24.8,95
1:15:53,24.8,95
1:15:54,24.8,95
1:15:55,24.8,95
1:15:56,24.8,95
1:15:57,24.8,95
1:15:58,24.8,95
1:15:59,24.8,95
1:16:0,24.8,95
1:16:1,24.8,95
1:16:3,24.8,95
1:16:4,24.8,95
1:16:5,24.8,95
1:16:6,24.8,95
1:16:7,24.8,95
1:16:8,24.8,95
1:16:9,24.8,95
1:16:10,24.8,95
1:16:11,24.8,95
1:16:12,24.8,95
1:16:13,24.8,95
1:16:14,24.8,95
1:16:15,24.8,95
1:16:16,24.8,95
1:16:17,24.8,95
1:16:18,24.8,95
1:16:19,24.8,95
1:16:20,24.8,95
1:16:21,24.8,95
1:16:22,24.8,95
1:16:23,24.8,95
1:16:25,24.8,95
1:16:26,24.8,95
1:16:27,24.8,95
1:16:28,24.8,95
1:16:29,24.8,95
1:16:30,24.8,95
1:16:31,24.8,95
1:16:32,24.8,95
1:16:33,24.8,95
1:16:34,24.8,95
1:16:35,24.8,95
1:16:36,24.8,95
1:16:37,24.8,95
1:16:38,24.8,95
1:16:39,24.8,95
1:16:40,24.9,95
1:16:41,24.9,95
1:16:42,24.9,95
1:16:43,24.9,95
1:16:44,24.9,95
1:16:45,24.9,95
1:16:46,24.9,95
1:16:48,24.9,95
1:16:49,24.9,95
1:16:50,24.9,95
1:16:51,24.9,95
1:16:52,24.9,95
1:16:53,24.9,95
1:16:54,24.9,95
1:16:55,24.9,95
1:16:56,24.9,95
1:16:57,24.9,95
1:16:58,24.9,95
1:16:59,24.9,95
1:17:0,24.9,95
1:17:1,24.9,95
1:17:2,24.9,95
1:17:3,24.9,95
1:17:4,24.9,95
1:17:5,24.9,95
1:17:6,24.9,95
1:17:7,24.9,95
1:17:8,24.9,95
1:17:9,24.9,95
1:17:11,24.9,95
1:17:12,24.8,95
1:17:13,24.8,95
1:17:14,24.9,95
1:17:15,24.9,95
1:17:16,24.8,95
1:17:17,24.8,95
1:17:18,24.8,95
1:17:19,24.8,95
1:17:20,24.8,95
1:17:21,24.8,95
1:17:22,24.8,95
1:17:23,24.8,95
1:17:24,24.8,95
1:17:25,24.8,95
1:17:26,24.8,95
1:17:27,24.8,95
1:17:28,24.8,95
1:17:29,24.8,95
1:17:30,24.8,95
1:17:31,24.8,95
1:17:32,24.8,95
1:17:34,24.8,95
1:17:35,24.8,95
1:17:36,24.8,95
1:17:37,24.8,95
1:17:38,24.8,95
1:17:39,24.8,95
1:17:40,24.8,95
1:17:41,24.8,95
1:17:42,24.8,95
1:17:43,24.9,95
1:17:44,24.9,95
1:17:45,24.8,95
1:17:46,24.8,95
1:17:47,24.8,95
1:17:48,24.8,95
1:17:49,24.8,95
1:17:50,24.8,95
1:17:51,24.8,95
1:17:52,24.8,95
1:17:53,24.8,95
1:17:54,24.8,95
1:17:55,24.8,95
1:17:57,24.8,95
1:17:58,24.8,95
1:17:59,24.8,95
1:18:0,24.8,95
1:18:1,24.8,95
1:18:2,24.8,95
1:18:3,24.8,95
1:18:4,24.8,95
1:18:5,24.8,95
1:18:6,24.8,95
1:18:7,24.8,95
1:18:8,24.8,95
1:18:9,24.8,95
1:18:10,24.8,95
1:18:11,24.8,95
1:18:12,24.8,95
1:18:13,24.8,95
1:18:14,24.8,95
1:18:15,24.8,95
1:18:16,24.8,95
1:18:17,24.8,95
1:18:18,24.8,95
1:18:20,24.8,95
1:18:21,24.8,95
1:18:22,24.8,95
1:18:23,24.8,95
1:18:24,24.8,95
1:18:25,24.8,95
1:18:26,24.8,95
1:18:27,24.8,95
1:18:28,24.8,95
1:18:29,24.8,95
1:18:30,24.8,95
1:18:31,24.8,95
1:18:32,24.8,95
1:18:33,24.8,95
1:18:34,24.8,95
1:18:35,24.8,95
1:18:36,24.8,95
1:18:37,24.8,95
1:18:38,24.8,95
1:18:39,24.8,95
1:18:40,24.8,95
1:18:41,24.8,95
1:18:42,24.8,95
1:18:44,24.8,95
1:18:45,24.8,95
1:18:46,24.8,95
1:18:47,24.8,95
1:18:48,24.8,95
1:18:49,24.8,95
1:18:50,24.8,95
1:18:51,24.8,95
1:18:52,24.8,95
1:18:53,24.8,95
1:18:54,24.8,95
1:18:55,24.8,95
1:18:56,24.8,95
1:18:57,24.8,95
1:18:58,24.9,95
1:18:59,24.9,95
1:19:0,24.9,95
1:19:1,24.9,95
1:19:2,24.9,95
1:19:3,24.9,95
1:19:4,24.9,95
1:19:6,24.9,95
1:19:7,24.9,95
1:19:8,24.9,95
1:19:9,24.9,95
1:19:10,24.9,95
1:19:11,24.9,95
1:19:12,24.9,95
1:19:13,24.9,95
1:19:14,24.9,95
1:19:15,24.9,95
1:19:16,24.9,95
1:19:17,24.9,95
1:19:18,24.9,95
1:19:19,24.9,95
1:19:20,24.9,95
1:19:21,24.9,95
1:19:22,24.9,95
1:19:23,24.9,95
1:19:24,24.9,95
1:19:25,24.9,95
1:19:26,24.9,95
1:19:27,24.9,95
1:19:28,24.9,95
1:19:30,24.9,95
1:19:31,24.9,95
1:19:32,24.9,95
1:19:33,24.9,95
1:19:34,24.9,95
1:19:35,24.9,95
1:19:36,24.9,95
1:19:37,24.9,95
1:19:38,24.9,95
1:19:39,24.9,95
1:19:40,24.8,95
1:19:41,24.8,95
1:19:42,24.9,95
1:19:43,24.9,95
1:19:44,24.9,95
1:19:45,24.9,95
1:19:46,24.8,95
1:19:47,24.8,95
1:19:48,24.9,95
1:19:49,24.9,95
1:19:50,24.9,95
1:19:51,24.9,95
1:19:53,24.8,95
1:19:54,24.8,95
1:19:55,24.8,95
1:19:56,24.8,95
1:19:57,24.8,95
1:19:58,24.8,95
1:19:59,24.8,95
1:20:0,24.8,95
1:20:1,24.8,95
1:20:2,24.8,95
1:20:3,24.8,95
1:20:4,24.8,95
1:20:5,24.9,95
1:20:6,24.9,95
1:20:7,24.8,95
1:20:8,24.8,95
1:20:9,24.8,95
1:20:10,24.8,95
1:20:11,24.8,95
1:20:12,24.8,95
1:20:13,24.8,95
1:20:14,24.8,95
1:20:16,24.8,95
1:20:17,24.8,95
1:20:18,24.8,95
1:20:19,24.8,95
1:20:20,24.8,95
1:20:21,24.8,95
1:20:22,24.8,95
1:20:23,24.8,95
1:20:24,24.9,95
1:20:25,24.9,95
1:20:26,24.8,95
1:20:27,24.8,95
1:20:28,24.8,95
1:20:29,24.8,95
1:20:30,24.9,95
1:20:31,24.9,95
1:20:32,24.8,95
1:20:33,24.8,95
1:20:34,24.9,95
1:20:35,24.9,95
1:20:36,24.9,95
1:20:37,24.9,95
1:20:39,24.8,95
1:20:40,24.8,95
1:20:41,24.8,95
1:20:42,24.8,95
1:20:43,24.9,95
1:20:44,24.9,95
1:20:45,24.9,95
1:20:46,24.9,95
1:20:47,24.9,95
1:20:48,24.9,95
1:20:49,24.9,95
1:20:50,24.9,95
1:20:51,24.9,95
1:20:52,24.9,95
1:20:53,24.9,95
1:20:54,24.9,95
1:20:55,24.8,95
1:20:56,24.8,95
1:20:57,24.9,95
1:20:58,24.9,95
1:20:59,24.9,95
1:21:0,24.9,95
1:21:2,24.9,95
1:21:3,24.9,95
1:21:4,24.9,95
1:21:5,24.9,95
1:21:6,24.9,95
1:21:7,24.9,95
1:21:8,24.9,95
1:21:9,24.9,95
1:21:10,24.9,95
1:21:11,24.9,95
1:21:12,24.9,95
1:21:13,24.9,95
1:21:14,24.9,95
1:21:15,24.9,95
1:21:16,24.9,95
1:21:17,24.9,95
1:21:18,24.9,95
1:21:19,24.9,95
1:21:20,24.9,95
1:21:21,24.9,95
1:21:22,24.9,95
1:21:23,24.9,95
1:21:25,24.9,95
1:21:26,24.9,95
1:21:27,24.9,95
1:21:28,24.9,95
1:21:29,24.9,95
1:21:30,24.9,95
1:21:31,24.9,95
1:21:32,24.9,95
1:21:33,24.9,95
1:21:34,24.9,95
1:21:35,24.9,95
1:21:36,24.9,95
1:21:37,24.9,95
1:21:38,24.9,95
1:21:39,24.9,95
1:21:40,24.9,95
1:21:41,24.9,95
1:21:42,24.9,95
1:21:43,24.9,95
1:21:44,24.9,95
1:21:45,24.9,95
1:21:46,24.9,95
1:21:48,24.9,95
1:21:49,24.9,95
1:21:50,24.9,95
1:21:51,24.9,95
1:21:52,24.9,95
1:21:53,24.9,95
1:21:54,24.9,95
1:21:55,24.9,95
1:21:56,24.9,95
1:21:57,24.9,95
1:21:58,24.9,95
1:21:59,24.9,95
1:22:0,24.9,95
1:22:1,24.9,95
1:22:2,24.8,95
1:22:3,24.8,95
1:22:4,24.9,95
1:22:5,24.9,95
1:22:6,24.9,95
1:22:7,24.9,95
1:22:8,24.9,95
1:22:9,24.9,95
1:22:11,24.9,95
1:22:12,24.9,95
1:22:13,24.9,95
1:22:14,24.9,95
1:22:15,24.9,95
1:22:16,24.9,95
1:22:17,24.9,95
1:22:18,24.9,95
1:22:19,24.9,95
1:22:20,24.9,95
1:22:21,24.9,95
1:22:22,24.9,95
1:22:23,24.9,95
1:22:24,24.9,95
1:22:25,24.9,95
1:22:26,24.9,95
1:22:27,24.9,95
1:22:28,24.9,95
1:22:29,24.9,95
1:22:30,24.9,95
1:22:31,24.9,95
1:22:32,24.9,95
1:22:34,24.9,95
1:22:35,24.9,95
1:22:36,24.9,95
1:22:37,24.9,95
1:22:38,24.9,95
1:22:39,24.9,95
1:22:40,24.9,95
1:22:41,24.9,95
1:22:42,24.9,95
1:22:43,24.9,95
1:22:44,24.9,95
1:22:45,24.9,95
1:22:46,24.9,95
1:22:47,24.9,95
1:22:48,24.9,95
1:22:49,24.9,95
1:22:50,24.9,95
1:22:51,24.9,95
1:22:52,24.9,95
1:22:53,24.9,95
1:22:54,24.9,95
1:22:55,24.9,95
1:22:57,24.9,95
1:22:58,24.9,95
1:22:59,24.9,95
1:23:0,24.9,95
1:23:1,24.9,95
1:23:2,24.9,95
1:23:3,24.9,95
1:23:4,24.9,95
1:23:5,24.9,95
1:23:6,24.9,95
1:23:7,24.9,95
1:23:8,24.9,95
1:23:9,24.9,95
1:23:10,24.9,95
1:23:11,24.9,95
1:23:12,24.9,95
1:23:13,24.9,95
1:23:14,24.9,95
1:23:15,24.9,95
1:23:16,24.9,95
1:23:17,24.9,95
1:23:18,24.9,95
1:23:20,24.9,95
1:23:21,24.9,95
1:23:22,24.9,95
1:23:23,24.9,95
1:23:24,24.9,95
1:23:25,24.9,95
1:23:26,24.9,95
1:23:27,24.9,95
1:23:28,24.9,95
1:23:29,24.9,95
1:23:30,24.9,95
1:23:31,24.9,95
1:23:32,24.9,95
1:23:33,24.9,95
1:23:34,24.9,95
1:23:35,24.9,95
1:23:36,24.9,95
1:23:37,24.9,95
1:23:38,24.9,95
1:23:39,24.9,95
1:23:40,24.9,95
1:23:42,24.9,95
1:23:43,24.9,95
1:23:44,24.9,95
1:23:45,24.9,95
1:23:46,24.9,95
1:23:47,24.9,95
1:23:48,24.9,95
1:23:49,24.9,95
1:23:50,24.9,95
1:23:51,24.9,95
1:23:52,24.9,95
1:23:53,24.9,95
1:23:54,24.9,95
1:23:55,24.9,95
1:23:56,24.9,95
1:23:57,25,95
1:23:58,25,95
1:23:59,24.9,95
1:24:0,24.9,95
1:24:1,24.9,95
1:24:2,24.9,95
1:24:3,25,95
1:24:5,25,95
1:24:6,25,95
1:24:7,25,95
1:24:8,25,95
1:24:9,25,95
1:24:10,25,95
1:24:11,25,95
1:24:12,25,95
1:24:13,25,95
1:24:14,25,95
1:24:15,25,95
1:24:16,25,95
1:24:17,25,95
1:24:18,25,95
1:24:19,25,95
1:24:20,25,95
1:24:21,25,95
1:24:22,25,95
1:24:23,25,95
1:24:24,25,95
1:24:25,25,95
1:24:26,25,95
1:24:28,25,95
1:24:29,25,95
1:24:30,25,95
1:24:31,25,95
1:24:32,25,95
1:24:33,25,95
1:24:34,25,95
1:24:35,25,95
1:24:36,25,95
1:24:37,25,95
1:24:38,25,95
1:24:39,25,95
1:24:40,25,95
1:24:41,25,95
1:24:42,25,95
1:24:43,25,95
1:24:44,25,95
1:24:45,25,95
1:24:46,25,95
1:24:47,25,95
1:24:48,25,95
1:24:49,25,95
1:24:51,25,95
1:24:52,25,95
1:24:53,25,95
1:24:54,25,95
1:24:55,25,95
1:24:56,25,95
1:24:57,25,95
1:24:58,25,95
1:24:59,25,95
1:25:0,25,95
1:25:1,25,95
1:25:2,25,95
1:25:3,25,95
1:25:4,25,95
1:25:5,25,95
1:25:6,25,95
1:25:7,25,95
1:25:8,25,95
1:25:9,25,95
1:25:10,25,95
1:25:11,25,95
1:25:12,25,95
1:25:14,25,95
1:25:15,25,95
1:25:16,25,95
1:25:17,25,95
1:25:18,25,95
1:25:19,25,95
1:25:20,25,95
1:25:21,25,95
1:25:22,25,95
1:25:23,25,95
1:25:24,25,95
1:25:25,25,95
1:25:26,25,95
1:25:27,25,95
1:25:28,25,95
1:25:29,25,95
1:25:30,25,95
1:25:31,25,95
1:25:32,25,95
1:25:33,25,95
1:25:34,25,95
1:25:35,25,95
1:25:37,25,95
1:25:38,25,95
1:25:39,25,95
1:25:40,25,95
1:25:41,25,95
1:25:42,25,95
1:25:43,25,95
1:25:44,25,95
1:25:45,25,95
1:25:46,25,95
1:25:47,25,95
1:25:48,25,95
1:25:49,25,95
1:25:50,25,95
1:25:51,25,95
1:25:52,25,95
1:25:53,25,95
1:25:54,25,95
1:25:55,25,95
1:25:56,25,95
1:25:57,25,95
1:25:58,25,95
1:26:0,25,95
1:26:1,25,95
1:26:2,25,95
1:26:3,25,95
1:26:4,25,95
1:26:5,25,95
1:26:6,25,95
1:26:7,25,95
1:26:8,25,95
1:26:9,25,95
1:26:10,25,95
1:26:11,25,95
1:26:12,25,95
1:26:13,25,95
1:26:14,25,95
1:26:15,25,95
1:26:16,25,95
1:26:17,25,95
1:26:18,25,95
1:26:19,25,95
1:26:20,25,95
1:26:21,25,95
1:26:23,25,95
1:26:24,25,95
1:26:25,25,95
1:26:26,25,95
1:26:27,25,95
1:26:28,25,95
1:26:29,25,95
1:26:30,25,95
1:26:31,25,95
1:26:32,25,95
1:26:33,25,95
1:26:34,25,95
1:26:35,25,95
1:26:36,25,95
1:26:37,25,95
1:26:38,25,95
1:26:39,25,95
1:26:40,25,95
1:26:41,25,95
1:26:42,25,95
1:26:43,25,95
1:26:44,25,95
1:26:46,25,95
1:26:47,25,95
1:26:48,25,95
1:26:49,25,95
1:26:50,25,95
1:26:51,25,95
1:26:52,25,95
1:26:53,25,95
1:26:54,25,95
1:26:55,25,95
1:26:56,25,95
1:26:57,25,95
1:26:58,25,95
1:26:59,25,95
1:27:0,25,95
1:27:1,25,95
1:27:2,25,95
1:27:3,25,95
1:27:4,25,95
1:27:5,25,95
1:27:6,25,95
1:27:7,25,95
1:27:9,25,95
1:27:10,25,95
1:27:11,25,95
1:27:12,25,95
1:27:13,25,95
1:27:14,25,95
1:27:15,25,95
1:27:16,25,95
1:27:17,25,95
1:27:18,25,95
1:27:19,25,95
1:27:20,25,95
1:27:21,25,95
1:27:22,25,95
1:27:23,25,95
1:27:24,25,95
1:27:25,25,95
1:27:26,25,95
1:27:27,25,95
1:27:28,25,95
1:27:29,25,95
1:27:30,25,95
1:27:32,25,95
1:27:33,25,95
1:27:34,25,95
1:27:35,25,95
1:27:36,25,95
1:27:37,25,95
1:27:38,25,95
1:27:39,25,95
1:27:40,25,95
1:27:41,25,95
1:27:42,25,95
1:27:43,25,95
1:27:44,25,95
1:27:45,25,95
1:27:46,25,95
1:27:47,25,95
1:27:48,25,95
1:27:49,25,95
1:27:50,25,95
1:27:51,25,95
1:27:52,25,95
1:27:53,25,95
1:27:55,25,95
1:27:56,25,95
1:27:57,25,95
1:27:58,25,95
1:27:59,25,95
1:28:0,25,95
1:28:1,25,95
1:28:2,25,95
1:28:3,25,95
1:28:4,25.1,95
1:28:5,25.1,95
1:28:6,25,95
1:28:7,25,95
1:28:8,25,95
1:28:9,25,95
1:28:10,25,95
1:28:11,25,95
1:28:12,25,95
1:28:13,25,95
1:28:14,25,95
1:28:15,25,95
1:28:16,25,95
1:28:18,25,95
1:28:19,25,95
1:28:20,25,95
1:28:21,25,95
1:28:22,25,95
1:28:23,25,95
1:28:24,25,95
1:28:25,25,95
1:28:26,25,95
1:28:27,25,95
1:28:28,25,95
1:28:29,25,95
1:28:30,25,95
1:28:31,25,95
1:28:32,25,95
1:28:33,25,95
1:28:34,25,95
1:28:35,25,95
1:28:36,25,95
1:28:37,25,95
1:28:38,25,95
1:28:39,25,95
1:28:41,25,95
1:28:42,25,95
1:28:43,25,95
1:28:44,25,95
1:28:45,25,95
1:28:46,25,95
1:28:47,25,95
1:28:48,25,95
1:28:49,25,95
1:28:50,25,95
1:28:51,25,95
1:28:52,25,95
1:28:53,25,95
1:28:54,25,95
1:28:55,25,95
1:28:56,25,95
1:28:57,25,95
1:28:58,25,95
1:28:59,25,95
1:29:0,25,95
1:29:1,25,95
1:29:2,25,95
1:29:4,25,95
1:29:5,25,95
1:29:6,25,95
1:29:7,25,95
1:29:8,25,95
1:29:9,25,95
1:29:10,25,95
1:29:11,25,95
1:29:12,25,95
1:29:13,25,95
1:29:14,25,95
1:29:15,25,95
1:29:16,25,95
1:29:17,25,95
1:29:18,25,95
1:29:19,25,95
1:29:20,25,95
1:29:21,25,95
1:29:22,25,95
1:29:23,25,95
1:29:24,25,95
1:29:25,25.1,95
1:29:27,25.1,95
1:29:28,25.1,95
1:29:29,25.1,95
1:29:30,25.1,95
1:29:31,25.1,95
1:29:32,25.1,95
1:29:33,25.1,95
1:29:34,25.1,95
1:29:35,25.1,95
1:29:36,25.1,95
1:29:37,25.1,95
1:29:38,25.1,95
1:29:39,25.1,95
1:29:40,25.1,95
1:29:41,25.1,95
1:29:42,25.1,95
1:29:43,25.1,95
1:29:44,25.1,95
1:29:45,25.1,95
1:29:46,25.1,95
1:29:47,25.1,95
1:29:48,25.1,95
1:29:50,25.1,95
1:29:51,25.1,95
1:29:52,25.1,95
1:29:53,25.1,95
1:29:54,25.1,95
1:29:55,25.1,95
1:29:56,25.1,95
1:29:57,25.1,95
1:29:58,25.1,95
1:29:59,25.1,95
1:30:0,25.1,95
1:30:1,25.1,95
1:30:2,25.1,95
1:30:3,25.1,95
1:30:4,25.1,95
1:30:5,25.1,95
1:30:6,25.1,95
1:30:7,25.1,95
1:30:8,25.1,95
1:30:9,25.1,95
1:30:10,25.1,95
1:30:12,25.1,95
1:30:13,25.1,95
1:30:14,25.1,95
1:30:15,25.1,95
1:30:16,25.1,95
1:30:17,25.1,95
1:30:18,25.1,95
1:30:19,25.1,95
1:30:20,25.1,95
1:30:21,25.1,95
1:30:22,25.1,95
1:30:23,25.1,95
1:30:24,25.1,95
1:30:25,25.1,95
1:30:26,25.1,95
1:30:27,25.1,95
1:30:28,25.1,95
1:30:29,25.1,95
1:30:30,25.1,95
1:30:31,25.1,95
1:30:32,25.1,95
1:30:33,25.1,95
1:30:35,25.1,95
1:30:36,25.1,95
1:30:37,25.2,95
1:30:38,25.2,95
1:30:39,25.2,95
1:30:40,25.2,95
1:30:41,25.2,95
1:30:42,25.2,95
1:30:43,25.2,95
1:30:44,25.2,95
1:30:45,25.2,95
1:30:46,25.2,95
1:30:47,25.2,95
1:30:48,25.2,95
1:30:49,25.2,95
1:30:50,25.2,95
1:30:51,25.2,95
1:30:52,25.2,95
1:30:53,25.2,95
1:30:54,25.2,95
1:30:55,25.2,95
1:30:56,25.2,95
1:30:58,25.2,95
1:30:59,25.2,95
1:31:0,25.2,95
1:31:1,25.2,95
1:31:2,25.2,95
1:31:3,25.2,95
1:31:4,25.2,95
1:31:5,25.2,95
1:31:6,25.2,95
1:31:7,25.2,95
1:31:8,25.1,95
1:31:9,25.1,95
1:31:10,25.1,95
1:31:11,25.1,95
1:31:12,25.1,95
1:31:13,25.1,95
1:31:14,25.1,95
1:31:15,25.1,95
1:31:16,25.2,95
1:31:17,25.2,95
1:31:18,25.2,95
1:31:19,25.2,95
1:31:21,25.1,95
1:31:22,25.1,95
1:31:23,25.1,95
1:31:24,25.1,95
1:31:25,25.1,95
1:31:26,25.1,95
1:31:27,25.2,95
1:31:28,25.2,95
1:31:29,25.2,95
1:31:30,25.2,95
1:31:31,25.2,95
1:31:32,25.2,95
1:31:33,25.2,95
1:31:34,25.2,95
1:31:35,25.2,95
1:31:36,25.2,95
1:31:37,25.2,95
1:31:38,25.2,95
1:31:39,25.2,95
1:31:40,25.2,95
1:31:41,25.2,95
1:31:42,25.2,95
1:31:44,25.2,95
1:31:45,25.2,95
1:31:46,25.2,95
1:31:47,25.2,95
1:31:48,25.2,95
1:31:49,25.2,95
1:31:50,25.2,95
1:31:51,25.2,95
1:31:52,25.2,95
1:31:53,25.2,95
1:31:54,25.2,95
1:31:55,25.2,95
1:31:56,25.2,95
1:31:57,25.2,95
1:31:58,25.2,95
1:31:59,25.2,95
1:32:0,25.2,95
1:32:1,25.2,95
1:32:2,25.2,95
1:32:3,25.2,95
1:32:4,25.2,95
1:32:5,25.2,95
1:32:7,25.2,95
1:32:8,25.2,95
1:32:9,25.2,95
1:32:10,25.2,95
1:32:11,25.2,95
1:32:12,25.2,95
1:32:13,25.2,95
1:32:14,25.2,95
1:32:15,25.2,95
1:32:16,25.2,95
1:32:17,25.2,95
1:32:18,25.2,95
1:32:19,25.2,95
1:32:20,25.2,95
1:32:21,25.2,95
1:32:22,25.2,95
1:32:23,25.2,95
1:32:24,25.2,95
1:32:25,25.2,95
1:32:26,25.2,95
1:32:27,25.2,95
1:32:28,25.2,95
1:32:30,25.2,95
1:32:31,25.2,95
1:32:32,25.2,95
1:32:33,25.2,95
1:32:34,25.2,95
1:32:35,25.2,95
1:32:36,25.2,95
1:32:37,25.2,95
1:32:38,25.2,95
1:32:39,25.2,95
1:32:40,25.2,95
1:32:41,25.2,95
1:32:42,25.2,95
1:32:43,25.2,95
1:32:44,25.2,95
1:32:45,25.2,95
1:32:46,25.3,95
1:32:47,25.3,95
1:32:48,25.3,95
1:32:49,25.3,95
1:32:50,25.3,95
1:32:51,25.3,95
1:32:52,25.3,95
1:32:54,25.3,95
1:32:55,25.3,95
1:32:56,25.3,95
1:32:57,25.3,95
1:32:58,25.3,95
1:32:59,25.4,95
1:33:0,25.4,95
1:33:1,25.4,95
1:33:2,25.4,95
1:33:3,25.4,95
1:33:4,25.4,95
1:33:5,25.4,95
1:33:6,25.4,95
1:33:7,25.4,95
1:33:8,25.4,95
1:33:9,25.4,95
1:33:10,25.4,95
1:33:11,25.4,95
1:33:12,25.4,95
1:33:13,25.3,95
1:33:14,25.3,95
1:33:15,25.3,95
1:33:17,25.3,95
1:33:18,25.3,95
1:33:19,25.3,95
1:33:20,25.3,95
1:33:21,25.3,95
1:33:22,25.3,95
1:33:23,25.3,95
1:33:24,25.2,95
1:33:25,25.2,95
1:33:26,25.2,94
1:33:27,25.2,94
1:33:28,25.2,94
1:33:29,25.2,94
1:33:30,25.2,93
1:33:31,25.2,93
1:33:32,25.2,92
1:33:33,25.2,92
1:33:34,25.2,92
1:33:35,25.2,92
1:33:36,25.2,92
1:33:37,25.2,92
1:33:38,25.2,92
1:33:40,25.2,92
1:33:41,25.2,91
1:33:42,25.2,91
1:33:43,25.2,91
1:33:44,25.2,91
1:33:45,25.2,91
1:33:46,25.2,91
1:33:47,25.1,91
1:33:48,25.1,91
1:33:49,25.1,91
1:33:50,25.1,91
1:33:51,25.1,91
1:33:52,25.1,91
1:33:53,25.1,91
1:33:54,25.1,91
1:33:55,25.1,91
1:33:56,25.1,91
1:33:57,25.1,91
1:33:58,25.1,91
1:33:59,25.1,90
1:34:0,25.1,90
1:34:1,25.1,90
1:34:3,25.1,90
1:34:4,25.1,89
1:34:5,25.1,89
1:34:6,25.1,88
1:34:7,25.1,88
1:34:8,25,88
1:34:9,25,88
1:34:10,25,88
1:34:11,25,88
1:34:12,25,88
1:34:13,25,88
1:34:14,25,88
1:34:15,25,88
1:34:16,25,88
1:34:17,25,88
1:34:18,25,87
1:34:19,25,87
1:34:20,25,87
1:34:21,25,87
1:34:22,25,87
1:34:23,25,87
1:34:24,25,87
1:34:26,25,87
1:34:27,25,87
1:34:28,25,87
1:34:29,25,87
1:34:30,25,87
1:34:31,25,87
1:34:32,25,87
1:34:33,25,87
1:34:34,25,87
1:34:35,25,87
1:34:36,25,87
1:34:37,25,87
1:34:38,25,87
1:34:39,25,87
1:34:40,25,87
1:34:41,25,87
1:34:42,25,87
1:34:43,25,87
1:34:44,25,87
1:34:45,25,87
1:34:46,25,87
1:34:47,25,87
1:34:49,25,87
1:34:50,25,86
1:34:51,25,86
1:34:52,24.9,86
1:34:53,24.9,86
1:34:54,24.9,86
1:34:55,24.9,86
1:34:56,24.9,86
1:34:57,24.9,86
1:34:58,24.9,85
1:34:59,24.9,85
1:35:0,24.9,85
1:35:1,24.9,85
1:35:2,24.9,84
1:35:3,24.9,84
1:35:4,24.9,84
1:35:5,24.9,84
1:35:6,24.9,84
1:35:7,24.9,84
1:35:8,24.9,84
1:35:9,24.9,84
1:35:11,24.9,83
1:35:12,24.9,83
1:35:13,24.9,83
1:35:14,24.9,83
1:35:15,24.9,83
1:35:16,24.9,83
1:35:17,24.9,83
1:35:18,24.9,83
1:35:19,24.9,83
1:35:20,24.9,83
1:35:21,24.9,83
1:35:22,24.9,83
1:35:23,24.9,83
1:35:24,24.9,83
1:35:25,24.8,83
1:35:26,24.8,83
1:35:27,24.8,83
1:35:28,24.8,83
1:35:29,24.8,83
1:35:30,24.8,83
1:35:31,24.8,84
1:35:32,24.8,84
1:35:33,24.8,83
1:35:35,24.8,83
1:35:36,24.8,83
1:35:37,24.8,83
1:35:38,24.8,82
1:35:39,24.8,82
1:35:40,24.8,82
1:35:41,24.8,82
1:35:42,24.8,82
1:35:43,24.8,82
1:35:44,24.8,82
1:35:45,24.8,82
1:35:46,24.8,82
1:35:47,24.8,82
1:35:48,24.8,83
1:35:49,24.8,83
1:35:50,24.8,83
1:35:51,24.8,83
1:35:52,24.8,83
1:35:53,24.8,83
1:35:54,24.8,83
1:35:55,24.8,83
1:35:56,24.8,83
1:35:58,24.8,83
1:35:59,24.8,83
1:36:0,24.8,83
1:36:1,24.8,83
1:36:2,24.8,83
1:36:3,24.8,83
1:36:4,24.8,83
1:36:5,24.8,83
1:36:6,24.8,83
1:36:7,24.8,83
1:36:8,24.8,83
1:36:9,24.8,83
1:36:10,24.8,83
1:36:11,24.8,83
1:36:12,24.8,83
1:36:13,24.8,82
1:36:14,24.8,82
1:36:15,24.8,82
1:36:16,24.8,82
1:36:17,24.8,83
1:36:18,24.8,83
1:36:19,24.8,83
1:36:21,24.8,83
1:36:22,24.8,83
1:36:23,24.8,83
1:36:24,24.8,83
1:36:25,24.8,83
1:36:26,24.8,83
1:36:27,24.8,83
1:36:28,24.7,83
1:36:29,24.7,83
1:36:30,24.7,83
1:36:31,24.7,83
1:36:32,24.7,83
1:36:33,24.7,83
1:36:34,24.7,83
1:36:35,24.7,83
1:36:36,24.7,83
1:36:37,24.7,83
1:36:38,24.7,83
1:36:39,24.7,83
1:36:40,24.7,83
1:36:41,24.7,83
1:36:43,24.7,83
1:36:44,24.7,83
1:36:45,24.7,83
1:36:46,24.7,83
1:36:47,24.7,83
1:36:48,24.7,83
1:36:49,24.7,83
1:36:50,24.7,83
1:36:51,24.7,82
1:36:52,24.7,82
1:36:53,24.7,82
1:36:54,24.7,82
1:36:55,24.7,82
1:36:56,24.7,82
1:36:57,24.7,82
1:36:58,24.7,82
1:36:59,24.7,82
1:37:0,24.7,82
1:37:1,24.7,82
1:37:2,24.7,82
1:37:3,24.7,81
1:37:4,24.7,81
1:37:6,24.7,81
1:37:7,24.7,81
1:37:8,24.7,81
1:37:9,24.7,81
1:37:10,24.7,81
1:37:11,24.7,81
1:37:12,24.7,81
1:37:13,24.7,81
1:37:14,24.7,81
1:37:15,24.7,81
1:37:16,24.7,81
1:37:17,24.7,81
